{
"type": "FeatureCollection",
"name": "gerencies",
"features": [
{ "type": "Feature", "properties": { "iden": "GD1", "nom": "Barcelona Nord", "municipis": "1", "color": 89 }, "geometry": { "type": "Polygon", "coordinates": [ [ [ 2.1999993, 41.3851682 ], [ 2.1995852, 41.385698 ], [ 2.1994214, 41.3855751 ], [ 2.1992853, 41.3856765 ], [ 2.1995136, 41.3858338 ], [ 2.1983272, 41.3867275 ], [ 2.198429, 41.386804 ], [ 2.1983117, 41.3868935 ], [ 2.2002196, 41.388329 ], [ 2.2003378, 41.3882404 ], [ 2.2004565, 41.388329 ], [ 2.2019619, 41.3871937 ], [ 2.2001952, 41.3858643 ], [ 2.2008348, 41.3853823 ], [ 2.2014058, 41.3858126 ], [ 2.2012003, 41.385968 ], [ 2.2023949, 41.3868649 ], [ 2.2027445, 41.3866057 ], [ 2.201939, 41.3856884 ], [ 2.2007223, 41.3845622 ], [ 2.2000681, 41.3841457 ], [ 2.1999073, 41.3841885 ], [ 2.199251, 41.3838775 ], [ 2.1995352, 41.383543 ], [ 2.2002249, 41.3838542 ], [ 2.2009932, 41.3843762 ], [ 2.2017755, 41.3849959 ], [ 2.202837, 41.3861117 ], [ 2.2036717, 41.3874084 ], [ 2.203, 41.3879214 ], [ 2.2027596, 41.3877604 ], [ 2.2013632, 41.3887994 ], [ 2.2025877, 41.3903803 ], [ 2.2045631, 41.3911877 ], [ 2.2058425, 41.3903258 ], [ 2.2064306, 41.3907768 ], [ 2.2052013, 41.3917316 ], [ 2.2073156, 41.3945821 ], [ 2.2096329, 41.3959004 ], [ 2.2113673, 41.3946562 ], [ 2.2119653, 41.395138 ], [ 2.2107129, 41.3963008 ], [ 2.212477, 41.3985323 ], [ 2.2141552, 41.3993991 ], [ 2.2154563, 41.3984369 ], [ 2.2159221, 41.3988486 ], [ 2.2143416, 41.4000709 ], [ 2.2156573, 41.4021604 ], [ 2.2166837, 41.4030176 ], [ 2.218279, 41.401934 ], [ 2.2184379, 41.402062 ], [ 2.2169914, 41.4030254 ], [ 2.2183711, 41.4042907 ], [ 2.2197549, 41.4048017 ], [ 2.2222018, 41.4032944 ], [ 2.2259393, 41.4058517 ], [ 2.2281444, 41.4089847 ], [ 2.228075, 41.409582 ], [ 2.2276993, 41.4097436 ], [ 2.2256916, 41.4071498 ], [ 2.2255068, 41.4072748 ], [ 2.2269264, 41.4092696 ], [ 2.227058, 41.4096808 ], [ 2.2261407, 41.409975 ], [ 2.2234571, 41.4118515 ], [ 2.2227963, 41.4123135 ], [ 2.2224505, 41.4124588 ], [ 2.2210971, 41.4130275 ], [ 2.2210353, 41.4130717 ], [ 2.2210235, 41.4130912 ], [ 2.2210546, 41.4131528 ], [ 2.2213955, 41.4135263 ], [ 2.2213725, 41.4136336 ], [ 2.2212828, 41.4137424 ], [ 2.2211092, 41.4138715 ], [ 2.2208182, 41.4140111 ], [ 2.2205357, 41.4142415 ], [ 2.220321, 41.4144542 ], [ 2.2201445, 41.414689 ], [ 2.2198987, 41.4150759 ], [ 2.2197665, 41.4152456 ], [ 2.2194736, 41.4155414 ], [ 2.2190752, 41.4158749 ], [ 2.2188106, 41.4160325 ], [ 2.2185543, 41.416185 ], [ 2.2183527, 41.4163353 ], [ 2.2182372, 41.4164462 ], [ 2.2181699, 41.4164906 ], [ 2.2179887, 41.4166279 ], [ 2.2177235, 41.4169694 ], [ 2.2174039, 41.4173021 ], [ 2.2171528, 41.4175877 ], [ 2.2168857, 41.417936 ], [ 2.2168512, 41.4179785 ], [ 2.2168167, 41.4180207 ], [ 2.2167799, 41.4180619 ], [ 2.2167418, 41.4181026 ], [ 2.2167046, 41.4181411 ], [ 2.2166654, 41.4181806 ], [ 2.2166238, 41.4182213 ], [ 2.2165801, 41.4182594 ], [ 2.2165793, 41.41826 ], [ 2.2165323, 41.4182995 ], [ 2.2164856, 41.418336 ], [ 2.2164333, 41.4183751 ], [ 2.2160971, 41.4186003 ], [ 2.2159088, 41.4187425 ], [ 2.2152572, 41.4192337 ], [ 2.2150334, 41.4194099 ], [ 2.2143855, 41.4198918 ], [ 2.2139123, 41.4201873 ], [ 2.2128931, 41.4207201 ], [ 2.2126306, 41.4207992 ], [ 2.2123398, 41.4208332 ], [ 2.2116179, 41.4213786 ], [ 2.2112841, 41.4223367 ], [ 2.2111318, 41.4228027 ], [ 2.2110947, 41.422963 ], [ 2.2110274, 41.4231741 ], [ 2.2109677, 41.4232662 ], [ 2.2108935, 41.4233566 ], [ 2.2107149, 41.4235295 ], [ 2.2106186, 41.4236028 ], [ 2.2105729, 41.4236371 ], [ 2.210538, 41.4236614 ], [ 2.2104984, 41.4236886 ], [ 2.2103944, 41.4237547 ], [ 2.2103364, 41.4237845 ], [ 2.2103358, 41.4237848 ], [ 2.2102884, 41.4238086 ], [ 2.2102543, 41.4238247 ], [ 2.2099029, 41.4239823 ], [ 2.2098047, 41.4240147 ], [ 2.2097005, 41.4240686 ], [ 2.2096207, 41.4241277 ], [ 2.2095949, 41.4241124 ], [ 2.2094119, 41.4242497 ], [ 2.2093495, 41.4244603 ], [ 2.2092107, 41.4247856 ], [ 2.209164, 41.4249388 ], [ 2.2091614, 41.4249431 ], [ 2.2091553, 41.424946 ], [ 2.2091507, 41.4249466 ], [ 2.2091469, 41.4249442 ], [ 2.2091212, 41.4249256 ], [ 2.2089978, 41.42502 ], [ 2.2084911, 41.4251489 ], [ 2.2084347, 41.4251757 ], [ 2.2080994, 41.4250514 ], [ 2.2077715, 41.4249863 ], [ 2.2074466, 41.4250081 ], [ 2.2072535, 41.4251353 ], [ 2.2069314, 41.4252928 ], [ 2.2068818, 41.4253115 ], [ 2.2064611, 41.4254448 ], [ 2.2062387, 41.4255003 ], [ 2.2061535, 41.4255056 ], [ 2.2060509, 41.4255667 ], [ 2.2061519, 41.4258355 ], [ 2.2061685, 41.4258524 ], [ 2.2062863, 41.4259725 ], [ 2.2062868, 41.4259735 ], [ 2.2063345, 41.4260619 ], [ 2.2064532, 41.4263913 ], [ 2.2068307, 41.4268147 ], [ 2.2070261, 41.4270545 ], [ 2.2070573, 41.4271242 ], [ 2.2071506, 41.4274745 ], [ 2.2071938, 41.4275605 ], [ 2.2072042, 41.4275811 ], [ 2.2072098, 41.4275923 ], [ 2.2072257, 41.427692 ], [ 2.2073219, 41.4278612 ], [ 2.2073364, 41.4279908 ], [ 2.2072338, 41.4290871 ], [ 2.2072336, 41.4290922 ], [ 2.2076321, 41.4295522 ], [ 2.2076061, 41.4296411 ], [ 2.2067361, 41.4300665 ], [ 2.2067358, 41.4300713 ], [ 2.2067358, 41.4300774 ], [ 2.2067358, 41.4300791 ], [ 2.20673, 41.4302244 ], [ 2.2067061, 41.4303154 ], [ 2.2067179, 41.4305721 ], [ 2.2066603, 41.4305796 ], [ 2.206477, 41.4310838 ], [ 2.2064709, 41.4310858 ], [ 2.2062865, 41.4318295 ], [ 2.206241, 41.4321723 ], [ 2.2062146, 41.4322638 ], [ 2.206213, 41.4325897 ], [ 2.2062313, 41.4325958 ], [ 2.2070306, 41.4328585 ], [ 2.2070857, 41.432838 ], [ 2.2072574, 41.4328944 ], [ 2.2072724, 41.4328877 ], [ 2.2078367, 41.4330668 ], [ 2.2080346, 41.4331256 ], [ 2.2084036, 41.4331743 ], [ 2.208826, 41.4331807 ], [ 2.2093658, 41.4332209 ], [ 2.2099193, 41.433298 ], [ 2.2106007, 41.4334754 ], [ 2.2105939, 41.4334889 ], [ 2.2103698, 41.4339346 ], [ 2.2099144, 41.4347962 ], [ 2.2096979, 41.4351964 ], [ 2.2097178, 41.4352939 ], [ 2.2092186, 41.436599 ], [ 2.2092413, 41.4366014 ], [ 2.2093466, 41.4366126 ], [ 2.2093423, 41.436628 ], [ 2.2091212, 41.4374164 ], [ 2.2089068, 41.4381746 ], [ 2.2086226, 41.439184 ], [ 2.2083983, 41.4399791 ], [ 2.2083115, 41.4402664 ], [ 2.2080545, 41.4409449 ], [ 2.2077271, 41.4416487 ], [ 2.207455, 41.4421589 ], [ 2.2067947, 41.4431744 ], [ 2.2066105, 41.4434074 ], [ 2.2062404, 41.4438752 ], [ 2.2059368, 41.4442081 ], [ 2.2057088, 41.4444581 ], [ 2.2055466, 41.444636 ], [ 2.2049131, 41.4453011 ], [ 2.2038354, 41.4464517 ], [ 2.2029285, 41.4474044 ], [ 2.2021529, 41.4481946 ], [ 2.2019933, 41.4481752 ], [ 2.2013021, 41.4489423 ], [ 2.2012044, 41.4490585 ], [ 2.2003391, 41.4499104 ], [ 2.1994709, 41.4507648 ], [ 2.1989178, 41.4512108 ], [ 2.1980617, 41.4519016 ], [ 2.1974756, 41.4523662 ], [ 2.1967579, 41.4528579 ], [ 2.1964696, 41.453025 ], [ 2.1957088, 41.4535793 ], [ 2.1953344, 41.4538531 ], [ 2.1946234, 41.4543459 ], [ 2.1946504, 41.4543752 ], [ 2.1932706, 41.4553603 ], [ 2.1922605, 41.4560937 ], [ 2.1908673, 41.4571447 ], [ 2.1908206, 41.4571243 ], [ 2.1906458, 41.4572608 ], [ 2.1906598, 41.4572907 ], [ 2.1901595, 41.4577043 ], [ 2.1899578, 41.4579275 ], [ 2.1899796, 41.4579396 ], [ 2.1900424, 41.4579743 ], [ 2.1900369, 41.4579796 ], [ 2.1896571, 41.458336 ], [ 2.189135, 41.4588932 ], [ 2.1887167, 41.4594384 ], [ 2.1883216, 41.4600602 ], [ 2.18811, 41.4604864 ], [ 2.1878466, 41.4611626 ], [ 2.1877301, 41.4615642 ], [ 2.1876546, 41.4620675 ], [ 2.1874545, 41.4621265 ], [ 2.1874539, 41.4621339 ], [ 2.1873586, 41.4632934 ], [ 2.1873045, 41.463946 ], [ 2.1872222, 41.4649295 ], [ 2.1871316, 41.4660134 ], [ 2.1871451, 41.4663717 ], [ 2.1870139, 41.4678448 ], [ 2.1866546, 41.4678232 ], [ 2.1863572, 41.467801 ], [ 2.1862753, 41.4678147 ], [ 2.1862558, 41.467818 ], [ 2.186269, 41.4677072 ], [ 2.1862712, 41.4676883 ], [ 2.1861366, 41.4676971 ], [ 2.1854611, 41.467698 ], [ 2.1850717, 41.4678653 ], [ 2.1847819, 41.4680117 ], [ 2.1845624, 41.4681573 ], [ 2.1844809, 41.4681978 ], [ 2.184406, 41.4682322 ], [ 2.1843579, 41.4682424 ], [ 2.184244, 41.4682544 ], [ 2.1840875, 41.4682869 ], [ 2.1838912, 41.4682865 ], [ 2.1837617, 41.4682734 ], [ 2.1835747, 41.4682444 ], [ 2.1832929, 41.4681922 ], [ 2.182846, 41.4681041 ], [ 2.1825201, 41.4680213 ], [ 2.1819718, 41.4679375 ], [ 2.1816217, 41.46783 ], [ 2.1796735, 41.4675487 ], [ 2.1791366, 41.4677848 ], [ 2.1791001, 41.4678007 ], [ 2.178936, 41.467873 ], [ 2.1789102, 41.4678841 ], [ 2.1788987, 41.4678893 ], [ 2.1788832, 41.467853 ], [ 2.1788586, 41.4677298 ], [ 2.1788488, 41.4676699 ], [ 2.1788501, 41.4676128 ], [ 2.1788518, 41.4674441 ], [ 2.1788708, 41.4673363 ], [ 2.1788803, 41.4672936 ], [ 2.1789078, 41.466722 ], [ 2.1789914, 41.4664963 ], [ 2.1790144, 41.4664464 ], [ 2.1790232, 41.4664338 ], [ 2.1790594, 41.4663927 ], [ 2.1793111, 41.4660981 ], [ 2.1794154, 41.4659902 ], [ 2.1794435, 41.4659797 ], [ 2.1794927, 41.4659743 ], [ 2.1795433, 41.465978 ], [ 2.1795772, 41.4659872 ], [ 2.1795842, 41.4659914 ], [ 2.1800453, 41.4662412 ], [ 2.1800576, 41.4662564 ], [ 2.1800644, 41.4662646 ], [ 2.1801483, 41.4663672 ], [ 2.180229, 41.466467 ], [ 2.1803367, 41.4666007 ], [ 2.1803397, 41.4666011 ], [ 2.1804666, 41.466622 ], [ 2.1804449, 41.4664844 ], [ 2.1803502, 41.4663757 ], [ 2.1803422, 41.466369 ], [ 2.1802846, 41.4661621 ], [ 2.180285, 41.4661524 ], [ 2.1802645, 41.4661462 ], [ 2.1802506, 41.4661439 ], [ 2.180233, 41.4660857 ], [ 2.1802228, 41.4660126 ], [ 2.1801918, 41.466013 ], [ 2.1801772, 41.4660131 ], [ 2.1801688, 41.4659463 ], [ 2.1801678, 41.4659387 ], [ 2.1800883, 41.4658919 ], [ 2.1800612, 41.4658719 ], [ 2.1800138, 41.4658313 ], [ 2.1799711, 41.4657887 ], [ 2.1799072, 41.4657092 ], [ 2.1798689, 41.4656547 ], [ 2.1804013, 41.4648812 ], [ 2.1804022, 41.4648136 ], [ 2.1804022, 41.4648115 ], [ 2.1803704, 41.4647823 ], [ 2.1803698, 41.4647816 ], [ 2.1788538, 41.4644819 ], [ 2.1788383, 41.4644768 ], [ 2.1787956, 41.4644642 ], [ 2.1787658, 41.4644546 ], [ 2.1787126, 41.4644313 ], [ 2.1785505, 41.4644159 ], [ 2.1784792, 41.4644012 ], [ 2.1784379, 41.4643927 ], [ 2.1773293, 41.4641622 ], [ 2.1763326, 41.463868 ], [ 2.1760639, 41.4637969 ], [ 2.175694, 41.4636974 ], [ 2.1756899, 41.4636967 ], [ 2.1753622, 41.4636085 ], [ 2.175005, 41.4634854 ], [ 2.1749988, 41.4634813 ], [ 2.1747191, 41.4633473 ], [ 2.1744502, 41.4632016 ], [ 2.1735273, 41.4623043 ], [ 2.1734781, 41.4622929 ], [ 2.1734344, 41.4622779 ], [ 2.1734317, 41.462277 ], [ 2.1733829, 41.4622607 ], [ 2.1730542, 41.4621309 ], [ 2.1730311, 41.4621182 ], [ 2.173002, 41.4621003 ], [ 2.1729646, 41.4620755 ], [ 2.1727617, 41.4619458 ], [ 2.1727278, 41.4619238 ], [ 2.1724449, 41.4617415 ], [ 2.1724103, 41.4617283 ], [ 2.1723806, 41.4617136 ], [ 2.172358, 41.4617021 ], [ 2.1723568, 41.4617013 ], [ 2.1723262, 41.4616836 ], [ 2.172287, 41.4616598 ], [ 2.1722513, 41.4616341 ], [ 2.1722246, 41.4616144 ], [ 2.1720412, 41.4615239 ], [ 2.1720324, 41.4615219 ], [ 2.1720174, 41.4615177 ], [ 2.1720118, 41.4615163 ], [ 2.1719949, 41.461501 ], [ 2.1719798, 41.4614756 ], [ 2.1719672, 41.4614517 ], [ 2.1719155, 41.4613011 ], [ 2.171912, 41.461291 ], [ 2.1718621, 41.4612627 ], [ 2.1718294, 41.4612291 ], [ 2.1718286, 41.4612281 ], [ 2.1718125, 41.4612114 ], [ 2.1716495, 41.4610095 ], [ 2.1716355, 41.4609922 ], [ 2.1715441, 41.4609815 ], [ 2.1713584, 41.4610582 ], [ 2.171295, 41.4610736 ], [ 2.1712477, 41.4610629 ], [ 2.1711755, 41.4610144 ], [ 2.171095, 41.4610214 ], [ 2.1710427, 41.4610281 ], [ 2.1709863, 41.4610293 ], [ 2.1709824, 41.4610292 ], [ 2.1709216, 41.4610301 ], [ 2.1708787, 41.4610232 ], [ 2.1707783, 41.460993 ], [ 2.170672, 41.4609572 ], [ 2.1706338, 41.4609576 ], [ 2.1705983, 41.4609554 ], [ 2.1705579, 41.4609472 ], [ 2.1705162, 41.4609306 ], [ 2.1704578, 41.4608933 ], [ 2.1702818, 41.4607779 ], [ 2.1701502, 41.4607588 ], [ 2.1701197, 41.4607377 ], [ 2.1699358, 41.4606812 ], [ 2.1698454, 41.4606606 ], [ 2.1698166, 41.4606532 ], [ 2.1697137, 41.4606494 ], [ 2.1696976, 41.4606483 ], [ 2.1695786, 41.4606325 ], [ 2.1695304, 41.4606263 ], [ 2.1695085, 41.4606233 ], [ 2.1695052, 41.4606229 ], [ 2.1694366, 41.4606145 ], [ 2.1693177, 41.4605879 ], [ 2.1692809, 41.4605736 ], [ 2.1689469, 41.4604632 ], [ 2.1688934, 41.4604378 ], [ 2.1687004, 41.4603454 ], [ 2.168126, 41.4602544 ], [ 2.1680833, 41.4604111 ], [ 2.1680124, 41.4607106 ], [ 2.1678505, 41.4612647 ], [ 2.1673263, 41.4611856 ], [ 2.1673285, 41.4611791 ], [ 2.1677021, 41.4598178 ], [ 2.1677744, 41.4598284 ], [ 2.1678581, 41.4598409 ], [ 2.1678957, 41.4598465 ], [ 2.1678951, 41.4598462 ], [ 2.1673492, 41.459613 ], [ 2.1671976, 41.4595814 ], [ 2.1671919, 41.4595802 ], [ 2.1669576, 41.4592343 ], [ 2.1668614, 41.4590924 ], [ 2.1668525, 41.4590792 ], [ 2.166234, 41.4587297 ], [ 2.1650143, 41.4580716 ], [ 2.1650021, 41.4580649 ], [ 2.1647759, 41.4575229 ], [ 2.164582, 41.4570749 ], [ 2.1641946, 41.4564692 ], [ 2.1639995, 41.4561984 ], [ 2.1638045, 41.4558905 ], [ 2.1641385, 41.4554815 ], [ 2.164432, 41.4551547 ], [ 2.1648515, 41.4547544 ], [ 2.1649836, 41.4545626 ], [ 2.1650541, 41.4526335 ], [ 2.1656526, 41.4514768 ], [ 2.1642724, 41.4499319 ], [ 2.1642593, 41.4499172 ], [ 2.1642583, 41.449916 ], [ 2.1642436, 41.4498994 ], [ 2.164103, 41.4498244 ], [ 2.1638093, 41.4497813 ], [ 2.1637028, 41.4497805 ], [ 2.1621094, 41.4502047 ], [ 2.1609576, 41.4503227 ], [ 2.1604006, 41.4503801 ], [ 2.1602225, 41.4503981 ], [ 2.1599823, 41.4504652 ], [ 2.15997, 41.4504668 ], [ 2.1596337, 41.4505147 ], [ 2.1591565, 41.4505166 ], [ 2.159148, 41.4505166 ], [ 2.1591213, 41.4504606 ], [ 2.1591067, 41.45043 ], [ 2.1591011, 41.4504182 ], [ 2.1581834, 41.4499485 ], [ 2.1577266, 41.4497041 ], [ 2.1575198, 41.4496286 ], [ 2.1573011, 41.4496034 ], [ 2.1571814, 41.4496628 ], [ 2.1569039, 41.4497718 ], [ 2.1566069, 41.4498887 ], [ 2.1564224, 41.4499268 ], [ 2.1560851, 41.4499333 ], [ 2.1559669, 41.4499213 ], [ 2.1558968, 41.4499166 ], [ 2.1558333, 41.4498995 ], [ 2.1557534, 41.4498725 ], [ 2.1556662, 41.4498369 ], [ 2.1555191, 41.4497833 ], [ 2.1553511, 41.4497188 ], [ 2.1549813, 41.4495132 ], [ 2.1549091, 41.449494 ], [ 2.154585, 41.4494125 ], [ 2.1545246, 41.4493919 ], [ 2.1544454, 41.4493865 ], [ 2.1543617, 41.4493698 ], [ 2.1542448, 41.4493509 ], [ 2.1540833, 41.4493019 ], [ 2.153942, 41.4492389 ], [ 2.1538016, 41.4491748 ], [ 2.1537324, 41.4491344 ], [ 2.1537227, 41.4491281 ], [ 2.1536548, 41.4490839 ], [ 2.1535919, 41.4490365 ], [ 2.1535252, 41.4489762 ], [ 2.1534646, 41.4489126 ], [ 2.1534291, 41.448863 ], [ 2.153393, 41.448811 ], [ 2.1533907, 41.4488076 ], [ 2.1533581, 41.4487501 ], [ 2.1533419, 41.4486887 ], [ 2.1533405, 41.448674 ], [ 2.1533152, 41.4485152 ], [ 2.153181, 41.4483238 ], [ 2.1531328, 41.4482195 ], [ 2.1528037, 41.447672 ], [ 2.1527988, 41.4476638 ], [ 2.152712, 41.447603 ], [ 2.1526144, 41.4475178 ], [ 2.1523413, 41.4473707 ], [ 2.152102, 41.4472919 ], [ 2.1519282, 41.4472665 ], [ 2.1516858, 41.4473009 ], [ 2.1515945, 41.4473322 ], [ 2.1514714, 41.447353 ], [ 2.1505548, 41.4472892 ], [ 2.1497864, 41.4473127 ], [ 2.149762, 41.4473113 ], [ 2.1496397, 41.4473034 ], [ 2.1496355, 41.4473024 ], [ 2.1496294, 41.4473009 ], [ 2.1496124, 41.4472965 ], [ 2.1494513, 41.4472554 ], [ 2.1492861, 41.447179 ], [ 2.1490931, 41.4470617 ], [ 2.1487671, 41.4468179 ], [ 2.1486578, 41.4467874 ], [ 2.1481739, 41.4469419 ], [ 2.1481136, 41.4469324 ], [ 2.1480538, 41.4469161 ], [ 2.147782, 41.4470029 ], [ 2.1476333, 41.4470782 ], [ 2.147508, 41.4471113 ], [ 2.1474001, 41.4471681 ], [ 2.1469653, 41.4475073 ], [ 2.1467627, 41.4475478 ], [ 2.1466139, 41.4475648 ], [ 2.1460832, 41.4475684 ], [ 2.1459193, 41.4475507 ], [ 2.1457813, 41.4475293 ], [ 2.1457278, 41.4475128 ], [ 2.1456257, 41.4474721 ], [ 2.1454779, 41.4473943 ], [ 2.1453963, 41.447379 ], [ 2.1453413, 41.4473491 ], [ 2.1452029, 41.4474129 ], [ 2.1450368, 41.4474375 ], [ 2.1448675, 41.4474262 ], [ 2.1446411, 41.4473912 ], [ 2.1443881, 41.4473856 ], [ 2.1441507, 41.447435 ], [ 2.1438746, 41.4475282 ], [ 2.1436546, 41.4476313 ], [ 2.1432302, 41.4474973 ], [ 2.1430615, 41.4474635 ], [ 2.1426601, 41.4474253 ], [ 2.1424966, 41.4473495 ], [ 2.1423115, 41.4472606 ], [ 2.1419684, 41.4471435 ], [ 2.1418438, 41.4471241 ], [ 2.1416615, 41.4470926 ], [ 2.1415296, 41.4470847 ], [ 2.1413958, 41.4471495 ], [ 2.1413506, 41.4471966 ], [ 2.1413102, 41.4472231 ], [ 2.1412583, 41.4472861 ], [ 2.1412012, 41.4473469 ], [ 2.1411741, 41.4473715 ], [ 2.1410918, 41.447426 ], [ 2.1410124, 41.4474775 ], [ 2.1409338, 41.4475242 ], [ 2.1409027, 41.4475417 ], [ 2.1408461, 41.4475591 ], [ 2.140792, 41.4475726 ], [ 2.1407365, 41.4475849 ], [ 2.1406856, 41.4475926 ], [ 2.1405337, 41.4476067 ], [ 2.1404895, 41.4476109 ], [ 2.1396991, 41.4476337 ], [ 2.1380524, 41.4478404 ], [ 2.1378693, 41.4478601 ], [ 2.1376985, 41.4478881 ], [ 2.1375903, 41.4478999 ], [ 2.1375876, 41.4478979 ], [ 2.1375867, 41.4478972 ], [ 2.1375334, 41.4478576 ], [ 2.137331, 41.4477038 ], [ 2.1372719, 41.4476546 ], [ 2.1368856, 41.4477147 ], [ 2.1368127, 41.4477316 ], [ 2.1366894, 41.4477582 ], [ 2.1366055, 41.4476704 ], [ 2.1365886, 41.4476527 ], [ 2.1362641, 41.4474293 ], [ 2.1361666, 41.4473824 ], [ 2.1359432, 41.4473628 ], [ 2.1356468, 41.4474456 ], [ 2.1355573, 41.4474685 ], [ 2.1347087, 41.4475888 ], [ 2.1347033, 41.4475896 ], [ 2.1347019, 41.44759 ], [ 2.1346591, 41.4475187 ], [ 2.1346439, 41.4474566 ], [ 2.1346417, 41.4473894 ], [ 2.13465, 41.4473084 ], [ 2.1346298, 41.447218 ], [ 2.1344082, 41.4469533 ], [ 2.1343416, 41.4468183 ], [ 2.1342337, 41.4466896 ], [ 2.1341818, 41.4465903 ], [ 2.1341773, 41.4465816 ], [ 2.1341364, 41.4465516 ], [ 2.1341267, 41.4465445 ], [ 2.1339657, 41.4463071 ], [ 2.1339143, 41.4461814 ], [ 2.1337422, 41.445979 ], [ 2.1336631, 41.4458535 ], [ 2.1336589, 41.4458468 ], [ 2.1334424, 41.445659 ], [ 2.1331073, 41.4455174 ], [ 2.1329552, 41.445472 ], [ 2.1328955, 41.4454415 ], [ 2.1328741, 41.4454306 ], [ 2.1328995, 41.4453924 ], [ 2.1328932, 41.445317 ], [ 2.1328784, 41.4448087 ], [ 2.1328473, 41.4447233 ], [ 2.1328463, 41.4447205 ], [ 2.1322549, 41.4441684 ], [ 2.1320062, 41.4440722 ], [ 2.1317361, 41.4440385 ], [ 2.131603, 41.4440007 ], [ 2.131434, 41.4439531 ], [ 2.1313264, 41.4439209 ], [ 2.131106, 41.4438471 ], [ 2.1308956, 41.4438331 ], [ 2.1308089, 41.4438251 ], [ 2.1307021, 41.4438021 ], [ 2.1306658, 41.4437879 ], [ 2.1306522, 41.4437826 ], [ 2.1306407, 41.4437392 ], [ 2.1305808, 41.4436637 ], [ 2.1304654, 41.4434171 ], [ 2.1302618, 41.4431566 ], [ 2.1302569, 41.4431503 ], [ 2.1299618, 41.4428696 ], [ 2.1299449, 41.4428536 ], [ 2.1299529, 41.4424742 ], [ 2.1297911, 41.4422537 ], [ 2.1297896, 41.4422516 ], [ 2.1296991, 41.4421596 ], [ 2.1296824, 41.4421427 ], [ 2.1295414, 41.4417266 ], [ 2.1295607, 41.4415956 ], [ 2.1296421, 41.4414448 ], [ 2.1298008, 41.4412687 ], [ 2.1298891, 41.4410715 ], [ 2.1299076, 41.4408726 ], [ 2.1298187, 41.4406408 ], [ 2.1296691, 41.4404525 ], [ 2.129661, 41.4404424 ], [ 2.1294295, 41.4402444 ], [ 2.1294133, 41.4402305 ], [ 2.1293667, 41.4399486 ], [ 2.1293249, 41.4396962 ], [ 2.1293647, 41.4394086 ], [ 2.1294826, 41.4389922 ], [ 2.1294984, 41.4386103 ], [ 2.1294271, 41.4382134 ], [ 2.1292088, 41.4375578 ], [ 2.1290379, 41.4371444 ], [ 2.1289109, 41.436966 ], [ 2.1288468, 41.4368343 ], [ 2.1288323, 41.4367458 ], [ 2.1288391, 41.4366459 ], [ 2.1288533, 41.4365685 ], [ 2.1290382, 41.4361018 ], [ 2.1291047, 41.4359838 ], [ 2.1292761, 41.4357985 ], [ 2.1292783, 41.4357959 ], [ 2.1292097, 41.4357418 ], [ 2.12918, 41.4357048 ], [ 2.1291796, 41.4357043 ], [ 2.1291288, 41.4356412 ], [ 2.1290646, 41.4355323 ], [ 2.1290153, 41.4354035 ], [ 2.1288836, 41.4352631 ], [ 2.1288667, 41.4352454 ], [ 2.1288288, 41.4351668 ], [ 2.1287892, 41.4349718 ], [ 2.1286116, 41.4346592 ], [ 2.1283489, 41.4341615 ], [ 2.128289, 41.4339008 ], [ 2.1283166, 41.4337056 ], [ 2.1282813, 41.4335564 ], [ 2.1282803, 41.4335521 ], [ 2.1274252, 41.4328297 ], [ 2.1274197, 41.4328251 ], [ 2.1270973, 41.4324559 ], [ 2.127094, 41.4324522 ], [ 2.1266393, 41.4319907 ], [ 2.1265254, 41.4318512 ], [ 2.1264649, 41.431756 ], [ 2.1264427, 41.4317098 ], [ 2.1265808, 41.431619 ], [ 2.1265962, 41.4316109 ], [ 2.126622, 41.4315942 ], [ 2.1266244, 41.4315926 ], [ 2.1239329, 41.4293477 ], [ 2.1239187, 41.4293358 ], [ 2.1238526, 41.4291896 ], [ 2.1236535, 41.4289392 ], [ 2.1236245, 41.4288968 ], [ 2.1231188, 41.4286832 ], [ 2.1231078, 41.4286819 ], [ 2.1230487, 41.4285959 ], [ 2.12288, 41.4281798 ], [ 2.1228792, 41.428178 ], [ 2.1228415, 41.4281409 ], [ 2.1228251, 41.4281247 ], [ 2.1228122, 41.4280783 ], [ 2.1228277, 41.4279956 ], [ 2.1226585, 41.4277613 ], [ 2.1226152, 41.4275604 ], [ 2.122467, 41.427372 ], [ 2.1224426, 41.4272631 ], [ 2.12244, 41.4272514 ], [ 2.1223115, 41.4271978 ], [ 2.1222552, 41.4271433 ], [ 2.1221429, 41.4269973 ], [ 2.1219831, 41.4266693 ], [ 2.1219223, 41.4264946 ], [ 2.1219212, 41.4264918 ], [ 2.1212302, 41.4258451 ], [ 2.1211763, 41.4258145 ], [ 2.1211541, 41.4258019 ], [ 2.1212585, 41.4257374 ], [ 2.1213236, 41.4256543 ], [ 2.1213462, 41.4255613 ], [ 2.1213305, 41.4254617 ], [ 2.1212849, 41.4253553 ], [ 2.1205248, 41.4241256 ], [ 2.1204469, 41.4238874 ], [ 2.1204458, 41.4236624 ], [ 2.120539, 41.4230786 ], [ 2.1205363, 41.4229595 ], [ 2.1204882, 41.422874 ], [ 2.1204603, 41.4227589 ], [ 2.1204665, 41.4226665 ], [ 2.1205776, 41.4224488 ], [ 2.120668, 41.4223163 ], [ 2.120805, 41.4220064 ], [ 2.1208903, 41.42187 ], [ 2.1209901, 41.4217671 ], [ 2.121289, 41.4214882 ], [ 2.1214035, 41.4213779 ], [ 2.121499, 41.4212268 ], [ 2.1215706, 41.4210238 ], [ 2.121533, 41.4209014 ], [ 2.1215039, 41.4208642 ], [ 2.1211613, 41.420713 ], [ 2.1215456, 41.420539 ], [ 2.1215585, 41.4205613 ], [ 2.1221766, 41.4202961 ], [ 2.1228735, 41.4199983 ], [ 2.1240955, 41.4194787 ], [ 2.1247558, 41.4192041 ], [ 2.1249781, 41.4191364 ], [ 2.1253162, 41.4190071 ], [ 2.1255994, 41.4188833 ], [ 2.1271697, 41.4181875 ], [ 2.1287838, 41.4174671 ], [ 2.1287966, 41.4174855 ], [ 2.1288872, 41.4174468 ], [ 2.1289195, 41.4174998 ], [ 2.1286649, 41.417755 ], [ 2.128482, 41.4179124 ], [ 2.1280722, 41.4181361 ], [ 2.1279299, 41.4182522 ], [ 2.1278786, 41.4183313 ], [ 2.1278828, 41.4183919 ], [ 2.1279273, 41.4184451 ], [ 2.1280816, 41.4185596 ], [ 2.1281646, 41.4187341 ], [ 2.1280874, 41.4188697 ], [ 2.1279195, 41.419031 ], [ 2.1277426, 41.4191129 ], [ 2.127465, 41.4192129 ], [ 2.1274527, 41.4193755 ], [ 2.1275818, 41.4194974 ], [ 2.1276715, 41.4195396 ], [ 2.1278567, 41.4196015 ], [ 2.128041, 41.4197163 ], [ 2.128111, 41.419732 ], [ 2.1282015, 41.4197289 ], [ 2.1283239, 41.4196976 ], [ 2.1284518, 41.4197247 ], [ 2.1286887, 41.4199051 ], [ 2.1287715, 41.4199223 ], [ 2.1288521, 41.4199116 ], [ 2.1289225, 41.419833 ], [ 2.1290009, 41.4196744 ], [ 2.1291177, 41.4195846 ], [ 2.1292691, 41.419529 ], [ 2.1293429, 41.4195059 ], [ 2.1293993, 41.4194739 ], [ 2.129463, 41.4194467 ], [ 2.1295027, 41.4194368 ], [ 2.1295467, 41.4194317 ], [ 2.1295962, 41.4194343 ], [ 2.1296468, 41.4194448 ], [ 2.1296999, 41.4194608 ], [ 2.1297536, 41.4194861 ], [ 2.1297949, 41.4195158 ], [ 2.1298376, 41.4195447 ], [ 2.1298674, 41.4195725 ], [ 2.1299088, 41.4196073 ], [ 2.1299492, 41.4196348 ], [ 2.1299954, 41.4196567 ], [ 2.1300425, 41.4196607 ], [ 2.1300865, 41.4196473 ], [ 2.1301288, 41.4196052 ], [ 2.1301351, 41.4195671 ], [ 2.1301297, 41.4195081 ], [ 2.1301033, 41.4193712 ], [ 2.1300591, 41.4191118 ], [ 2.1302206, 41.4186647 ], [ 2.1305199, 41.4183149 ], [ 2.1312706, 41.4182145 ], [ 2.1321376, 41.4185668 ], [ 2.1323015, 41.4185407 ], [ 2.1341975, 41.4177961 ], [ 2.1351735, 41.4169798 ], [ 2.136165, 41.416077 ], [ 2.1362766, 41.4159754 ], [ 2.136255, 41.4159172 ], [ 2.1360513, 41.4153683 ], [ 2.1371351, 41.4143673 ], [ 2.1376627, 41.414193 ], [ 2.1383685, 41.4136604 ], [ 2.1401931, 41.41222 ], [ 2.1406845, 41.4118632 ], [ 2.1408981, 41.4117406 ], [ 2.1419046, 41.4116181 ], [ 2.1427614, 41.4115359 ], [ 2.1445129, 41.411399 ], [ 2.1449942, 41.4113256 ], [ 2.1452083, 41.4112086 ], [ 2.1453277, 41.4111205 ], [ 2.1456076, 41.4107906 ], [ 2.1456878, 41.4106786 ], [ 2.1459472, 41.4101055 ], [ 2.1474127, 41.4082372 ], [ 2.1475804, 41.4080605 ], [ 2.1486502, 41.4071896 ], [ 2.1486408, 41.4071826 ], [ 2.1483675, 41.4069777 ], [ 2.1484938, 41.4068782 ], [ 2.1483844, 41.4068012 ], [ 2.1484443, 41.4067524 ], [ 2.1484754, 41.4067744 ], [ 2.1484892, 41.4067625 ], [ 2.1485144, 41.4067599 ], [ 2.1485207, 41.4067649 ], [ 2.1487251, 41.4066012 ], [ 2.1487881, 41.4066458 ], [ 2.1489314, 41.4065245 ], [ 2.1489995, 41.4065682 ], [ 2.1488491, 41.4066997 ], [ 2.1490655, 41.4068313 ], [ 2.1499346, 41.4061238 ], [ 2.1500317, 41.4059429 ], [ 2.1500509, 41.4057874 ], [ 2.1499675, 41.4055794 ], [ 2.1499609, 41.4054236 ], [ 2.1500154, 41.4052101 ], [ 2.1503539, 41.4043501 ], [ 2.1503223, 41.4041294 ], [ 2.1500259, 41.4037446 ], [ 2.1498862, 41.4032249 ], [ 2.1499484, 41.4030761 ], [ 2.1510261, 41.4016705 ], [ 2.1511493, 41.4014704 ], [ 2.1512064, 41.4010558 ], [ 2.1511497, 41.4007766 ], [ 2.1511697, 41.4005335 ], [ 2.1520178, 41.39969 ], [ 2.1531084, 41.3985726 ], [ 2.1540316, 41.3976846 ], [ 2.1549785, 41.3967124 ], [ 2.1553437, 41.396203 ], [ 2.1556611, 41.3955906 ], [ 2.1593026, 41.3965109 ], [ 2.1599987, 41.3969968 ], [ 2.1663293, 41.4017908 ], [ 2.1674545, 41.4009279 ], [ 2.1720391, 41.4043488 ], [ 2.168652, 41.4069647 ], [ 2.1754191, 41.4120394 ], [ 2.1859601, 41.4040711 ], [ 2.1857864, 41.4039034 ], [ 2.1856668, 41.4037445 ], [ 2.1856162, 41.4036589 ], [ 2.1855432, 41.4033726 ], [ 2.1855222, 41.4033173 ], [ 2.1854749, 41.4032455 ], [ 2.1854238, 41.4031988 ], [ 2.1854822, 41.403037 ], [ 2.1855932, 41.4028165 ], [ 2.1857442, 41.4025519 ], [ 2.1857489, 41.4025439 ], [ 2.1859629, 41.4024654 ], [ 2.1859447, 41.4024398 ], [ 2.1865446, 41.4022766 ], [ 2.1868189, 41.4022875 ], [ 2.1868193, 41.4019363 ], [ 2.1868249, 41.3968937 ], [ 2.1867339, 41.3966315 ], [ 2.1867657, 41.3955538 ], [ 2.1867677, 41.3954863 ], [ 2.1867136, 41.394593 ], [ 2.1823923, 41.3914279 ], [ 2.1846002, 41.389755 ], [ 2.1868657, 41.3914084 ], [ 2.1879424, 41.3905695 ], [ 2.1891838, 41.3896186 ], [ 2.1935565, 41.3862891 ], [ 2.195774, 41.3878866 ], [ 2.1959044, 41.3875341 ], [ 2.1964008, 41.3874145 ], [ 2.199723, 41.3849349 ], [ 2.1999993, 41.3851682 ] ] ] } },
{ "type": "Feature", "properties": { "iden": "GD2", "nom": "Barcelona Sud", "municipis": "2", "color": 88 }, "geometry": { "type": "Polygon", "coordinates": [ [ [ 2.1947725, 41.3809588 ], [ 2.1968071, 41.3802231 ], [ 2.1969479, 41.3804982 ], [ 2.1955063, 41.3810364 ], [ 2.1957285, 41.3813947 ], [ 2.1972587, 41.380909 ], [ 2.1973929, 41.3811684 ], [ 2.1956416, 41.3817613 ], [ 2.195675, 41.382951 ], [ 2.1966992, 41.383982 ], [ 2.1988178, 41.3848036 ], [ 2.1990944, 41.3846211 ], [ 2.1995521, 41.3848126 ], [ 2.199723, 41.3849349 ], [ 2.1964008, 41.3874145 ], [ 2.1959044, 41.3875341 ], [ 2.195774, 41.3878866 ], [ 2.1935565, 41.3862891 ], [ 2.1891838, 41.3896186 ], [ 2.1879424, 41.3905695 ], [ 2.1868657, 41.3914084 ], [ 2.1846002, 41.389755 ], [ 2.1823923, 41.3914279 ], [ 2.1867136, 41.394593 ], [ 2.1867677, 41.3954863 ], [ 2.1867657, 41.3955538 ], [ 2.1867339, 41.3966315 ], [ 2.1868249, 41.3968937 ], [ 2.1868193, 41.4019363 ], [ 2.1868189, 41.4022875 ], [ 2.1865446, 41.4022766 ], [ 2.1859447, 41.4024398 ], [ 2.1859629, 41.4024654 ], [ 2.1857489, 41.4025439 ], [ 2.1857442, 41.4025519 ], [ 2.1855932, 41.4028165 ], [ 2.1854822, 41.403037 ], [ 2.1854238, 41.4031988 ], [ 2.1854749, 41.4032455 ], [ 2.1855222, 41.4033173 ], [ 2.1855432, 41.4033726 ], [ 2.1856162, 41.4036589 ], [ 2.1856668, 41.4037445 ], [ 2.1857864, 41.4039034 ], [ 2.1859601, 41.4040711 ], [ 2.1754191, 41.4120394 ], [ 2.168652, 41.4069647 ], [ 2.1720391, 41.4043488 ], [ 2.1674545, 41.4009279 ], [ 2.1663293, 41.4017908 ], [ 2.1599987, 41.3969968 ], [ 2.1593026, 41.3965109 ], [ 2.1556611, 41.3955906 ], [ 2.1553437, 41.396203 ], [ 2.1549785, 41.3967124 ], [ 2.1540316, 41.3976846 ], [ 2.1531084, 41.3985726 ], [ 2.1520178, 41.39969 ], [ 2.1511697, 41.4005335 ], [ 2.1511497, 41.4007766 ], [ 2.1512064, 41.4010558 ], [ 2.1511493, 41.4014704 ], [ 2.1510261, 41.4016705 ], [ 2.1499484, 41.4030761 ], [ 2.1498862, 41.4032249 ], [ 2.1500259, 41.4037446 ], [ 2.1503223, 41.4041294 ], [ 2.1503539, 41.4043501 ], [ 2.1500154, 41.4052101 ], [ 2.1499609, 41.4054236 ], [ 2.1499675, 41.4055794 ], [ 2.1500509, 41.4057874 ], [ 2.1500317, 41.4059429 ], [ 2.1499346, 41.4061238 ], [ 2.1490655, 41.4068313 ], [ 2.1488491, 41.4066997 ], [ 2.1489995, 41.4065682 ], [ 2.1489314, 41.4065245 ], [ 2.1487881, 41.4066458 ], [ 2.1487251, 41.4066012 ], [ 2.1485207, 41.4067649 ], [ 2.1485144, 41.4067599 ], [ 2.1484892, 41.4067625 ], [ 2.1484754, 41.4067744 ], [ 2.1484443, 41.4067524 ], [ 2.1483844, 41.4068012 ], [ 2.1484938, 41.4068782 ], [ 2.1483675, 41.4069777 ], [ 2.1486408, 41.4071826 ], [ 2.1486502, 41.4071896 ], [ 2.1475804, 41.4080605 ], [ 2.1474127, 41.4082372 ], [ 2.1459472, 41.4101055 ], [ 2.1456878, 41.4106786 ], [ 2.1456076, 41.4107906 ], [ 2.1453277, 41.4111205 ], [ 2.1452083, 41.4112086 ], [ 2.1449942, 41.4113256 ], [ 2.1445129, 41.411399 ], [ 2.1427614, 41.4115359 ], [ 2.1419046, 41.4116181 ], [ 2.1408981, 41.4117406 ], [ 2.1406845, 41.4118632 ], [ 2.1401931, 41.41222 ], [ 2.1383685, 41.4136604 ], [ 2.1376627, 41.414193 ], [ 2.1371351, 41.4143673 ], [ 2.1360513, 41.4153683 ], [ 2.136255, 41.4159172 ], [ 2.1362766, 41.4159754 ], [ 2.136165, 41.416077 ], [ 2.1351735, 41.4169798 ], [ 2.1341975, 41.4177961 ], [ 2.1323015, 41.4185407 ], [ 2.1321376, 41.4185668 ], [ 2.1312706, 41.4182145 ], [ 2.1305199, 41.4183149 ], [ 2.1302206, 41.4186647 ], [ 2.1300591, 41.4191118 ], [ 2.1301033, 41.4193712 ], [ 2.1301297, 41.4195081 ], [ 2.1301351, 41.4195671 ], [ 2.1301288, 41.4196052 ], [ 2.1300865, 41.4196473 ], [ 2.1300425, 41.4196607 ], [ 2.1299954, 41.4196567 ], [ 2.1299492, 41.4196348 ], [ 2.1299088, 41.4196073 ], [ 2.1298674, 41.4195725 ], [ 2.1298376, 41.4195447 ], [ 2.1297949, 41.4195158 ], [ 2.1297536, 41.4194861 ], [ 2.1296999, 41.4194608 ], [ 2.1296468, 41.4194448 ], [ 2.1295962, 41.4194343 ], [ 2.1295467, 41.4194317 ], [ 2.1295027, 41.4194368 ], [ 2.129463, 41.4194467 ], [ 2.1293993, 41.4194739 ], [ 2.1293429, 41.4195059 ], [ 2.1292691, 41.419529 ], [ 2.1291177, 41.4195846 ], [ 2.1290009, 41.4196744 ], [ 2.1289225, 41.419833 ], [ 2.1288521, 41.4199116 ], [ 2.1287715, 41.4199223 ], [ 2.1286887, 41.4199051 ], [ 2.1284518, 41.4197247 ], [ 2.1283239, 41.4196976 ], [ 2.1282015, 41.4197289 ], [ 2.128111, 41.419732 ], [ 2.128041, 41.4197163 ], [ 2.1278567, 41.4196015 ], [ 2.1276715, 41.4195396 ], [ 2.1275818, 41.4194974 ], [ 2.1274527, 41.4193755 ], [ 2.127465, 41.4192129 ], [ 2.1277426, 41.4191129 ], [ 2.1279195, 41.419031 ], [ 2.1280874, 41.4188697 ], [ 2.1281646, 41.4187341 ], [ 2.1280816, 41.4185596 ], [ 2.1279273, 41.4184451 ], [ 2.1278828, 41.4183919 ], [ 2.1278786, 41.4183313 ], [ 2.1279299, 41.4182522 ], [ 2.1280722, 41.4181361 ], [ 2.128482, 41.4179124 ], [ 2.1286649, 41.417755 ], [ 2.1289195, 41.4174998 ], [ 2.1288872, 41.4174468 ], [ 2.1287966, 41.4174855 ], [ 2.1287838, 41.4174671 ], [ 2.1271697, 41.4181875 ], [ 2.1255994, 41.4188833 ], [ 2.1253162, 41.4190071 ], [ 2.1249781, 41.4191364 ], [ 2.1247558, 41.4192041 ], [ 2.1240955, 41.4194787 ], [ 2.1228735, 41.4199983 ], [ 2.1221766, 41.4202961 ], [ 2.1215585, 41.4205613 ], [ 2.1215456, 41.420539 ], [ 2.1211613, 41.420713 ], [ 2.1215039, 41.4208642 ], [ 2.121533, 41.4209014 ], [ 2.1215706, 41.4210238 ], [ 2.121499, 41.4212268 ], [ 2.1214035, 41.4213779 ], [ 2.121289, 41.4214882 ], [ 2.1209901, 41.4217671 ], [ 2.1208903, 41.42187 ], [ 2.120805, 41.4220064 ], [ 2.120668, 41.4223163 ], [ 2.1205776, 41.4224488 ], [ 2.1204665, 41.4226665 ], [ 2.1204603, 41.4227589 ], [ 2.1204882, 41.422874 ], [ 2.1205363, 41.4229595 ], [ 2.120539, 41.4230786 ], [ 2.1204458, 41.4236624 ], [ 2.1204469, 41.4238874 ], [ 2.1205248, 41.4241256 ], [ 2.1212849, 41.4253553 ], [ 2.1213305, 41.4254617 ], [ 2.1213462, 41.4255613 ], [ 2.1213236, 41.4256543 ], [ 2.1212585, 41.4257374 ], [ 2.1211541, 41.4258019 ], [ 2.1211763, 41.4258145 ], [ 2.1212302, 41.4258451 ], [ 2.1219212, 41.4264918 ], [ 2.1219223, 41.4264946 ], [ 2.1219831, 41.4266693 ], [ 2.1221429, 41.4269973 ], [ 2.1222552, 41.4271433 ], [ 2.1223115, 41.4271978 ], [ 2.12244, 41.4272514 ], [ 2.1224426, 41.4272631 ], [ 2.122467, 41.427372 ], [ 2.1226152, 41.4275604 ], [ 2.1226585, 41.4277613 ], [ 2.1228277, 41.4279956 ], [ 2.1228122, 41.4280783 ], [ 2.1228251, 41.4281247 ], [ 2.1228415, 41.4281409 ], [ 2.1228792, 41.428178 ], [ 2.12288, 41.4281798 ], [ 2.1230487, 41.4285959 ], [ 2.1231078, 41.4286819 ], [ 2.1231188, 41.4286832 ], [ 2.1236245, 41.4288968 ], [ 2.1236535, 41.4289392 ], [ 2.1238526, 41.4291896 ], [ 2.1239187, 41.4293358 ], [ 2.1239329, 41.4293477 ], [ 2.1266244, 41.4315926 ], [ 2.126622, 41.4315942 ], [ 2.1265962, 41.4316109 ], [ 2.1265808, 41.431619 ], [ 2.1264427, 41.4317098 ], [ 2.1264649, 41.431756 ], [ 2.1265254, 41.4318512 ], [ 2.1266393, 41.4319907 ], [ 2.127094, 41.4324522 ], [ 2.1270973, 41.4324559 ], [ 2.1274197, 41.4328251 ], [ 2.1274252, 41.4328297 ], [ 2.1282803, 41.4335521 ], [ 2.1282813, 41.4335564 ], [ 2.1283166, 41.4337056 ], [ 2.128289, 41.4339008 ], [ 2.1283489, 41.4341615 ], [ 2.1286116, 41.4346592 ], [ 2.1287892, 41.4349718 ], [ 2.1288288, 41.4351668 ], [ 2.1288667, 41.4352454 ], [ 2.1288836, 41.4352631 ], [ 2.1290153, 41.4354035 ], [ 2.1290646, 41.4355323 ], [ 2.1291288, 41.4356412 ], [ 2.1291796, 41.4357043 ], [ 2.12918, 41.4357048 ], [ 2.1292097, 41.4357418 ], [ 2.1292783, 41.4357959 ], [ 2.1292761, 41.4357985 ], [ 2.1291047, 41.4359838 ], [ 2.1290382, 41.4361018 ], [ 2.1288533, 41.4365685 ], [ 2.1288391, 41.4366459 ], [ 2.1288323, 41.4367458 ], [ 2.1288468, 41.4368343 ], [ 2.1289109, 41.436966 ], [ 2.1290379, 41.4371444 ], [ 2.1292088, 41.4375578 ], [ 2.1294271, 41.4382134 ], [ 2.1294984, 41.4386103 ], [ 2.1294826, 41.4389922 ], [ 2.1293647, 41.4394086 ], [ 2.1293249, 41.4396962 ], [ 2.1293667, 41.4399486 ], [ 2.1294133, 41.4402305 ], [ 2.1294295, 41.4402444 ], [ 2.129661, 41.4404424 ], [ 2.1296691, 41.4404525 ], [ 2.1298187, 41.4406408 ], [ 2.1299076, 41.4408726 ], [ 2.1298891, 41.4410715 ], [ 2.1298008, 41.4412687 ], [ 2.1296421, 41.4414448 ], [ 2.1295607, 41.4415956 ], [ 2.1295414, 41.4417266 ], [ 2.1296824, 41.4421427 ], [ 2.1296991, 41.4421596 ], [ 2.1297896, 41.4422516 ], [ 2.1297911, 41.4422537 ], [ 2.1299529, 41.4424742 ], [ 2.1299449, 41.4428536 ], [ 2.1299065, 41.4429373 ], [ 2.1298493, 41.4429743 ], [ 2.1294837, 41.4432675 ], [ 2.1291614, 41.4434724 ], [ 2.1282106, 41.4439519 ], [ 2.1280392, 41.4441232 ], [ 2.127801, 41.4443947 ], [ 2.1277423, 41.4444905 ], [ 2.1272686, 41.4446984 ], [ 2.1270147, 41.4447439 ], [ 2.1268539, 41.4447581 ], [ 2.1268232, 41.4447724 ], [ 2.1264524, 41.4450847 ], [ 2.1260909, 41.4452342 ], [ 2.125809, 41.4452986 ], [ 2.1256172, 41.4453395 ], [ 2.1253469, 41.4454235 ], [ 2.1251378, 41.4454869 ], [ 2.1249758, 41.4455443 ], [ 2.1248643, 41.4456779 ], [ 2.1248538, 41.445729 ], [ 2.1248931, 41.4459292 ], [ 2.1249108, 41.4460937 ], [ 2.124934, 41.4462297 ], [ 2.1249207, 41.4462693 ], [ 2.124818, 41.4464168 ], [ 2.1246697, 41.446568 ], [ 2.1245747, 41.4466585 ], [ 2.1244373, 41.4467004 ], [ 2.1242306, 41.446732 ], [ 2.12411, 41.4467697 ], [ 2.1240478, 41.4468256 ], [ 2.1239815, 41.4469178 ], [ 2.1238916, 41.4469902 ], [ 2.1238869, 41.4470343 ], [ 2.1236686, 41.4472107 ], [ 2.1235221, 41.4473061 ], [ 2.1233465, 41.4474099 ], [ 2.1231184, 41.4475003 ], [ 2.1230072, 41.4475257 ], [ 2.1228402, 41.4475466 ], [ 2.1226133, 41.4475459 ], [ 2.1224632, 41.4475556 ], [ 2.122352, 41.4475821 ], [ 2.1223224, 41.4476636 ], [ 2.1222834, 41.4478019 ], [ 2.122272, 41.4479305 ], [ 2.1222972, 41.4479982 ], [ 2.1223607, 41.4480997 ], [ 2.12238, 41.4481594 ], [ 2.1223862, 41.4482084 ], [ 2.1223743, 41.4482971 ], [ 2.1223245, 41.4483988 ], [ 2.1222863, 41.4484573 ], [ 2.1222104, 41.4485176 ], [ 2.1220906, 41.4485792 ], [ 2.1217511, 41.4486516 ], [ 2.121525, 41.4486714 ], [ 2.1213829, 41.4486784 ], [ 2.1210686, 41.4488591 ], [ 2.120822, 41.4490096 ], [ 2.1205469, 41.4492073 ], [ 2.1203273, 41.4494644 ], [ 2.1200675, 41.4498528 ], [ 2.1199737, 41.4501543 ], [ 2.1199413, 41.4503292 ], [ 2.119935, 41.450687 ], [ 2.1199723, 41.4509555 ], [ 2.1199297, 41.4512614 ], [ 2.1199126, 41.4516338 ], [ 2.1198285, 41.4520665 ], [ 2.1197289, 41.4524089 ], [ 2.1196461, 41.4526479 ], [ 2.1195259, 41.4529192 ], [ 2.1194158, 41.453209 ], [ 2.1194042, 41.453545 ], [ 2.1194646, 41.453749 ], [ 2.1196073, 41.4541312 ], [ 2.1197095, 41.4545069 ], [ 2.1198154, 41.4548611 ], [ 2.1198802, 41.4552156 ], [ 2.11989, 41.4555942 ], [ 2.1198801, 41.4556748 ], [ 2.1192491, 41.4559289 ], [ 2.1180892, 41.4563146 ], [ 2.1181187, 41.4566389 ], [ 2.1181191, 41.4568281 ], [ 2.118097, 41.4569553 ], [ 2.1179673, 41.4572972 ], [ 2.1178754, 41.4577309 ], [ 2.11784, 41.4583526 ], [ 2.1169028, 41.4589794 ], [ 2.1168278, 41.4593609 ], [ 2.1167604, 41.4595866 ], [ 2.1166911, 41.4597232 ], [ 2.1166191, 41.4598051 ], [ 2.1165006, 41.4598211 ], [ 2.1162184, 41.4598467 ], [ 2.1160431, 41.4598924 ], [ 2.1159415, 41.4599488 ], [ 2.1159865, 41.4600134 ], [ 2.1158933, 41.4602932 ], [ 2.1158649, 41.4604329 ], [ 2.1157876, 41.4605842 ], [ 2.1157519, 41.4607659 ], [ 2.1157634, 41.4608847 ], [ 2.115704, 41.4609767 ], [ 2.115717, 41.4610719 ], [ 2.1159436, 41.4615833 ], [ 2.1161508, 41.4619347 ], [ 2.1161695, 41.4621174 ], [ 2.1162249, 41.4622883 ], [ 2.1162654, 41.4623471 ], [ 2.1162523, 41.462633 ], [ 2.1162528, 41.4628188 ], [ 2.1162424, 41.4630135 ], [ 2.1162734, 41.463185 ], [ 2.1163289, 41.4633502 ], [ 2.1164175, 41.4634749 ], [ 2.1164953, 41.4636565 ], [ 2.1166104, 41.4638022 ], [ 2.1169643, 41.4640093 ], [ 2.1170645, 41.4641012 ], [ 2.1171959, 41.4643065 ], [ 2.1172342, 41.464493 ], [ 2.1173301, 41.4646749 ], [ 2.1173913, 41.4647524 ], [ 2.1174963, 41.4652832 ], [ 2.1175191, 41.4655799 ], [ 2.117577, 41.4658648 ], [ 2.1175758, 41.4662189 ], [ 2.1168383, 41.4660758 ], [ 2.1166323, 41.4659842 ], [ 2.1162627, 41.4658999 ], [ 2.1159218, 41.465864 ], [ 2.1156182, 41.4658424 ], [ 2.1152805, 41.4658567 ], [ 2.1150678, 41.4658813 ], [ 2.1148889, 41.465894 ], [ 2.1146498, 41.4658474 ], [ 2.1144946, 41.4657739 ], [ 2.1140369, 41.4657005 ], [ 2.1136015, 41.4656343 ], [ 2.1133976, 41.4656249 ], [ 2.1131677, 41.4656218 ], [ 2.1130054, 41.465637 ], [ 2.1128727, 41.4656699 ], [ 2.1126872, 41.4657508 ], [ 2.1125058, 41.4658432 ], [ 2.1123773, 41.46594 ], [ 2.1121546, 41.4660955 ], [ 2.111924, 41.4662201 ], [ 2.1117597, 41.4662968 ], [ 2.1116679, 41.4663328 ], [ 2.1115396, 41.4663714 ], [ 2.1114176, 41.4664034 ], [ 2.1113156, 41.4664243 ], [ 2.1111394, 41.4664438 ], [ 2.1107751, 41.4664815 ], [ 2.1103344, 41.4665965 ], [ 2.1100719, 41.4667205 ], [ 2.1100339, 41.4668725 ], [ 2.1102125, 41.467473 ], [ 2.1101968, 41.4676392 ], [ 2.1101875, 41.4676971 ], [ 2.1099825, 41.4680729 ], [ 2.1097966, 41.4685129 ], [ 2.1097064, 41.4686913 ], [ 2.1096223, 41.4691206 ], [ 2.1095461, 41.4701884 ], [ 2.1088096, 41.4706204 ], [ 2.1075485, 41.4704945 ], [ 2.1065986, 41.4710778 ], [ 2.1052533, 41.4718042 ], [ 2.1055189, 41.4721626 ], [ 2.103071, 41.4731616 ], [ 2.1024225, 41.4742013 ], [ 2.1002465, 41.4760872 ], [ 2.0997523, 41.4765481 ], [ 2.099444, 41.4768444 ], [ 2.0991783, 41.4771147 ], [ 2.0987805, 41.477462 ], [ 2.0984146, 41.4777706 ], [ 2.0980772, 41.478109 ], [ 2.0979568, 41.47821 ], [ 2.0975977, 41.4784638 ], [ 2.0970773, 41.4788001 ], [ 2.0965565, 41.4791912 ], [ 2.0957241, 41.4797461 ], [ 2.0952503, 41.4801146 ], [ 2.094946, 41.4803185 ], [ 2.0923517, 41.4818457 ], [ 2.0911764, 41.4825231 ], [ 2.0909177, 41.4828449 ], [ 2.0902558, 41.4835823 ], [ 2.0893873, 41.4839497 ], [ 2.0888583, 41.4842322 ], [ 2.0867552, 41.4857677 ], [ 2.0819904, 41.4893093 ], [ 2.0802575, 41.4920541 ], [ 2.0801282, 41.492193 ], [ 2.0801159, 41.4922977 ], [ 2.0798878, 41.4928982 ], [ 2.078926, 41.4949147 ], [ 2.0742682, 41.49729 ], [ 2.0746418, 41.4975902 ], [ 2.074824, 41.4978162 ], [ 2.0748873, 41.4979822 ], [ 2.0748923, 41.4980931 ], [ 2.0748611, 41.4981819 ], [ 2.0746889, 41.498471 ], [ 2.0746608, 41.4985497 ], [ 2.0746524, 41.4987963 ], [ 2.0748801, 41.4994668 ], [ 2.0749454, 41.4997368 ], [ 2.0751058, 41.5000346 ], [ 2.0751905, 41.5003355 ], [ 2.0751929, 41.5004947 ], [ 2.0750499, 41.5006373 ], [ 2.0750061, 41.5007854 ], [ 2.0748988, 41.5010624 ], [ 2.0748671, 41.5012118 ], [ 2.0748591, 41.5014104 ], [ 2.0748847, 41.5015762 ], [ 2.0749479, 41.5017479 ], [ 2.0750492, 41.5019152 ], [ 2.0751861, 41.5021319 ], [ 2.0752467, 41.5022693 ], [ 2.0753122, 41.50253 ], [ 2.0753124, 41.5026591 ], [ 2.0752989, 41.5027937 ], [ 2.0752899, 41.502949 ], [ 2.0752582, 41.5030905 ], [ 2.0752115, 41.5032215 ], [ 2.0750506, 41.5035826 ], [ 2.0749804, 41.5038003 ], [ 2.0749789, 41.5039397 ], [ 2.0750008, 41.5040288 ], [ 2.0750474, 41.5042061 ], [ 2.0750678, 41.5044301 ], [ 2.0750704, 41.5046232 ], [ 2.0750489, 41.5048023 ], [ 2.0750675, 41.5049212 ], [ 2.0751179, 41.5050151 ], [ 2.075182, 41.5051205 ], [ 2.0752516, 41.5052603 ], [ 2.0753348, 41.5054206 ], [ 2.075349, 41.5055144 ], [ 2.0753949, 41.5057682 ], [ 2.0753864, 41.5060091 ], [ 2.0753471, 41.5061517 ], [ 2.0752726, 41.5063431 ], [ 2.0751712, 41.5065677 ], [ 2.0748593, 41.5070798 ], [ 2.0727515, 41.5068178 ], [ 2.0706224, 41.5075087 ], [ 2.0675501, 41.5100222 ], [ 2.0664051, 41.5105152 ], [ 2.0661274, 41.5107324 ], [ 2.065843, 41.511414 ], [ 2.0652265, 41.5122195 ], [ 2.0653416, 41.5124816 ], [ 2.0650272, 41.5143995 ], [ 2.0645014, 41.5164035 ], [ 2.0645568, 41.517317 ], [ 2.0642534, 41.5181276 ], [ 2.0642195, 41.5193016 ], [ 2.0639987, 41.5195868 ], [ 2.0636017, 41.5197385 ], [ 2.0619853, 41.5193341 ], [ 2.0613435, 41.5192425 ], [ 2.0608605, 41.5194065 ], [ 2.0602671, 41.5192376 ], [ 2.059515, 41.5187377 ], [ 2.0581132, 41.5184517 ], [ 2.0580182, 41.5180412 ], [ 2.0575316, 41.5172887 ], [ 2.0574416, 41.5169912 ], [ 2.0567995, 41.5162955 ], [ 2.0555209, 41.5154236 ], [ 2.0544689, 41.5149788 ], [ 2.0541395, 41.5149092 ], [ 2.0530767, 41.5149877 ], [ 2.0528008, 41.5142433 ], [ 2.0512178, 41.512893 ], [ 2.0515182, 41.5123132 ], [ 2.0527072, 41.5113504 ], [ 2.0542931, 41.5099038 ], [ 2.0542532, 41.5084173 ], [ 2.0547375, 41.5069632 ], [ 2.0553612, 41.5058756 ], [ 2.0553164, 41.5049699 ], [ 2.0551338, 41.5044855 ], [ 2.0557206, 41.5030709 ], [ 2.0538117, 41.5031358 ], [ 2.0533625, 41.5018786 ], [ 2.05277, 41.5010302 ], [ 2.0526818, 41.5004395 ], [ 2.0521657, 41.5002629 ], [ 2.051972, 41.4995563 ], [ 2.0521247, 41.4981254 ], [ 2.0511611, 41.4966723 ], [ 2.050064, 41.4939671 ], [ 2.0496807, 41.4902813 ], [ 2.0492782, 41.4879105 ], [ 2.0488537, 41.4870521 ], [ 2.0484234, 41.4865881 ], [ 2.0466624, 41.4857943 ], [ 2.0438914, 41.4852399 ], [ 2.0417124, 41.4827267 ], [ 2.0406729, 41.4809256 ], [ 2.0392007, 41.4800486 ], [ 2.0385868, 41.47944 ], [ 2.0380682, 41.4780666 ], [ 2.0357061, 41.4750503 ], [ 2.0348189, 41.472826 ], [ 2.0336247, 41.4713563 ], [ 2.032663, 41.4698231 ], [ 2.0312707, 41.4684932 ], [ 2.0295056, 41.4680301 ], [ 2.0285364, 41.4681115 ], [ 2.0285252, 41.467865 ], [ 2.0281418, 41.4676152 ], [ 2.0271372, 41.467598 ], [ 2.0252477, 41.4681048 ], [ 2.0238539, 41.4683762 ], [ 2.0195712, 41.4696172 ], [ 2.0163445, 41.468719 ], [ 2.0148576, 41.4675743 ], [ 2.0140447, 41.4660186 ], [ 2.0133783, 41.4643465 ], [ 2.0126417, 41.4637223 ], [ 2.011938, 41.4633498 ], [ 2.0074839, 41.4621846 ], [ 2.0060585, 41.4616009 ], [ 2.0048619, 41.4612254 ], [ 2.0036591, 41.4612626 ], [ 2.0027607, 41.4615708 ], [ 2.000736, 41.4608597 ], [ 1.9997555, 41.4602499 ], [ 2.0056225, 41.4583619 ], [ 2.0104785, 41.4568143 ], [ 2.0111601, 41.4578395 ], [ 2.0113265, 41.4579673 ], [ 2.0123709, 41.4583597 ], [ 2.0126181, 41.4583804 ], [ 2.0130121, 41.4582838 ], [ 2.0136307, 41.4581428 ], [ 2.0139719, 41.4582391 ], [ 2.0147911, 41.4585866 ], [ 2.0155855, 41.458904 ], [ 2.0159375, 41.4589437 ], [ 2.0164259, 41.4588631 ], [ 2.0169392, 41.4586689 ], [ 2.0175023, 41.4584468 ], [ 2.0181592, 41.4584277 ], [ 2.018813, 41.4584499 ], [ 2.0197466, 41.4584663 ], [ 2.0200856, 41.4583595 ], [ 2.0208813, 41.4579103 ], [ 2.0218562, 41.4577251 ], [ 2.0228657, 41.457639 ], [ 2.0233723, 41.4551007 ], [ 2.0234615, 41.4548878 ], [ 2.0237138, 41.4543223 ], [ 2.0238753, 41.4540573 ], [ 2.0241704, 41.4536449 ], [ 2.0244509, 41.453207 ], [ 2.0245618, 41.4528822 ], [ 2.0246251, 41.452477 ], [ 2.0246081, 41.4520362 ], [ 2.0245189, 41.4517439 ], [ 2.0243351, 41.451521 ], [ 2.0241341, 41.4513264 ], [ 2.0244788, 41.450826 ], [ 2.0250972, 41.4499282 ], [ 2.025503, 41.4493389 ], [ 2.025602, 41.4491638 ], [ 2.0259929, 41.4485223 ], [ 2.0262415, 41.4482354 ], [ 2.0266259, 41.447869 ], [ 2.0267682, 41.4476522 ], [ 2.0271012, 41.4467585 ], [ 2.0271615, 41.4467032 ], [ 2.0283521, 41.4463647 ], [ 2.0286526, 41.4463363 ], [ 2.0294365, 41.4462755 ], [ 2.0300134, 41.4461875 ], [ 2.0304049, 41.4460402 ], [ 2.0308156, 41.445809 ], [ 2.0311312, 41.4455572 ], [ 2.031269, 41.445279 ], [ 2.0313913, 41.4447975 ], [ 2.0314277, 41.4444652 ], [ 2.0313723, 41.444225 ], [ 2.0312323, 41.4438741 ], [ 2.031217, 41.4436755 ], [ 2.0313054, 41.4429769 ], [ 2.0313766, 41.4427946 ], [ 2.0319214, 41.4422992 ], [ 2.0328406, 41.4416267 ], [ 2.032842, 41.4416295 ], [ 2.0341921, 41.4416906 ], [ 2.0363592, 41.4422277 ], [ 2.0370984, 41.4422694 ], [ 2.0381646, 41.4425014 ], [ 2.0386047, 41.4426828 ], [ 2.0397123, 41.4436253 ], [ 2.0401706, 41.4442265 ], [ 2.041831, 41.4442524 ], [ 2.0429434, 41.4446171 ], [ 2.0435904, 41.444504 ], [ 2.0443458, 41.4445222 ], [ 2.0465133, 41.4448482 ], [ 2.0471115, 41.4448532 ], [ 2.0478379, 41.4446933 ], [ 2.0498681, 41.4447338 ], [ 2.0512198, 41.4448752 ], [ 2.0526479, 41.4452199 ], [ 2.0536049, 41.4453508 ], [ 2.0544135, 41.4455754 ], [ 2.0553082, 41.445629 ], [ 2.0560348, 41.4455118 ], [ 2.0584532, 41.4448625 ], [ 2.0611092, 41.4449207 ], [ 2.062349, 41.4440895 ], [ 2.0629072, 41.4435845 ], [ 2.0633007, 41.4435877 ], [ 2.0639579, 41.4424968 ], [ 2.064043, 41.4420473 ], [ 2.0635394, 41.4409529 ], [ 2.0629536, 41.440095 ], [ 2.0620211, 41.4381676 ], [ 2.0614124, 41.4374299 ], [ 2.0606621, 41.4378641 ], [ 2.0595964, 41.4378914 ], [ 2.0593618, 41.4370201 ], [ 2.0595103, 41.4362017 ], [ 2.0595134, 41.4361845 ], [ 2.0576226, 41.4361317 ], [ 2.0576063, 41.4361312 ], [ 2.0575601, 41.4345965 ], [ 2.0582836, 41.4296376 ], [ 2.0583254, 41.4291105 ], [ 2.0583241, 41.4287686 ], [ 2.0582924, 41.4286344 ], [ 2.0579661, 41.4277999 ], [ 2.0579012, 41.4275646 ], [ 2.0578417, 41.4270897 ], [ 2.0578709, 41.4265528 ], [ 2.0577968, 41.4263592 ], [ 2.0577057, 41.4262212 ], [ 2.0576964, 41.4262072 ], [ 2.0572677, 41.426001 ], [ 2.0568802, 41.4257614 ], [ 2.056536, 41.4256235 ], [ 2.0549244, 41.425057 ], [ 2.0539047, 41.4247929 ], [ 2.0534742, 41.4247178 ], [ 2.0531188, 41.4245622 ], [ 2.052859, 41.4243793 ], [ 2.0524709, 41.4240926 ], [ 2.0524512, 41.4240781 ], [ 2.0526799, 41.4238177 ], [ 2.0528319, 41.4237055 ], [ 2.0528983, 41.4236772 ], [ 2.0530913, 41.423667 ], [ 2.0531808, 41.4236375 ], [ 2.0533777, 41.4235068 ], [ 2.0535927, 41.4232845 ], [ 2.0538204, 41.4229984 ], [ 2.0539812, 41.4227127 ], [ 2.0545015, 41.4227938 ], [ 2.0545035, 41.4226615 ], [ 2.0545463, 41.4225664 ], [ 2.0546107, 41.4225001 ], [ 2.0548916, 41.4223753 ], [ 2.0552793, 41.4222852 ], [ 2.0555018, 41.4222071 ], [ 2.0557573, 41.4220667 ], [ 2.0560557, 41.4218318 ], [ 2.0563143, 41.4215683 ], [ 2.0564402, 41.421354 ], [ 2.0564754, 41.4211379 ], [ 2.056455, 41.4210385 ], [ 2.0564108, 41.4209525 ], [ 2.0563626, 41.4207801 ], [ 2.0563628, 41.4206638 ], [ 2.0564114, 41.4204896 ], [ 2.0565637, 41.4202312 ], [ 2.0566797, 41.4195158 ], [ 2.0569034, 41.4190946 ], [ 2.0569843, 41.4188177 ], [ 2.0572074, 41.4184971 ], [ 2.0572314, 41.4183701 ], [ 2.0572119, 41.4181964 ], [ 2.0571485, 41.4179614 ], [ 2.0570499, 41.4174927 ], [ 2.056891, 41.4164111 ], [ 2.0564629, 41.4158418 ], [ 2.0560169, 41.4153444 ], [ 2.0555964, 41.4147742 ], [ 2.055592, 41.4147684 ], [ 2.0551955, 41.4143941 ], [ 2.0546772, 41.4139849 ], [ 2.0546582, 41.4139698 ], [ 2.0580511, 41.4099752 ], [ 2.0603933, 41.4112942 ], [ 2.0603895, 41.4112973 ], [ 2.0603874, 41.4112991 ], [ 2.0603851, 41.4113009 ], [ 2.0603396, 41.4113366 ], [ 2.0602069, 41.4114476 ], [ 2.0601331, 41.4116056 ], [ 2.0600277, 41.4117733 ], [ 2.0598825, 41.4119208 ], [ 2.0596969, 41.4120618 ], [ 2.0594362, 41.4122185 ], [ 2.0591675, 41.4123655 ], [ 2.0588755, 41.4125175 ], [ 2.0589141, 41.4125283 ], [ 2.0600212, 41.4128388 ], [ 2.0611755, 41.4131665 ], [ 2.0620557, 41.41343 ], [ 2.0642006, 41.4140744 ], [ 2.0642053, 41.4140885 ], [ 2.0642075, 41.414095 ], [ 2.0647168, 41.4155875 ], [ 2.0648267, 41.4160721 ], [ 2.0649252, 41.4165964 ], [ 2.0642207, 41.4178419 ], [ 2.0642429, 41.4178502 ], [ 2.0649946, 41.4181326 ], [ 2.0657352, 41.4181219 ], [ 2.0668424, 41.4181061 ], [ 2.0669048, 41.4181044 ], [ 2.0669596, 41.4181056 ], [ 2.0671143, 41.4181131 ], [ 2.0671868, 41.4181277 ], [ 2.0672591, 41.4181503 ], [ 2.0672911, 41.4181619 ], [ 2.0673344, 41.4181848 ], [ 2.0673616, 41.4182019 ], [ 2.06744, 41.4182388 ], [ 2.0674765, 41.4182604 ], [ 2.0677711, 41.4183768 ], [ 2.0680914, 41.4184633 ], [ 2.0682358, 41.4184977 ], [ 2.0704794, 41.4190323 ], [ 2.0709463, 41.4187403 ], [ 2.0718067, 41.4185799 ], [ 2.0721748, 41.4182053 ], [ 2.0730433, 41.4181545 ], [ 2.0732901, 41.4178598 ], [ 2.0739401, 41.4175431 ], [ 2.0738969, 41.4171045 ], [ 2.0735822, 41.416578 ], [ 2.0733956, 41.4163812 ], [ 2.0728961, 41.4158537 ], [ 2.0728792, 41.415836 ], [ 2.0710969, 41.4150358 ], [ 2.071093, 41.4150341 ], [ 2.0704047, 41.4141874 ], [ 2.0703506, 41.4139475 ], [ 2.0705845, 41.4133258 ], [ 2.070695, 41.412636 ], [ 2.0706144, 41.412446 ], [ 2.0705242, 41.4122378 ], [ 2.0705214, 41.4122314 ], [ 2.0704981, 41.4121771 ], [ 2.0721153, 41.4127035 ], [ 2.072129, 41.4127202 ], [ 2.0740195, 41.4150099 ], [ 2.0740251, 41.415014 ], [ 2.0744176, 41.4152993 ], [ 2.0751814, 41.4160023 ], [ 2.0755503, 41.4159626 ], [ 2.0759244, 41.4158392 ], [ 2.0761108, 41.4157073 ], [ 2.0761692, 41.4156009 ], [ 2.0762817, 41.4150287 ], [ 2.0765001, 41.4148735 ], [ 2.0766256, 41.4148275 ], [ 2.0767419, 41.4148109 ], [ 2.0770529, 41.4148023 ], [ 2.0772342, 41.414771 ], [ 2.0773795, 41.4147232 ], [ 2.0776824, 41.4145765 ], [ 2.0781315, 41.4142842 ], [ 2.0784082, 41.4141533 ], [ 2.0766386, 41.4123096 ], [ 2.0766218, 41.4122919 ], [ 2.0775621, 41.4117616 ], [ 2.0775693, 41.4117575 ], [ 2.0769701, 41.4114199 ], [ 2.0769684, 41.4114189 ], [ 2.0768233, 41.4112586 ], [ 2.0767231, 41.4110905 ], [ 2.0766336, 41.4108522 ], [ 2.0766243, 41.4108275 ], [ 2.07641, 41.4110252 ], [ 2.0761324, 41.4111661 ], [ 2.0759489, 41.4112267 ], [ 2.0756813, 41.4112696 ], [ 2.0753292, 41.4112363 ], [ 2.0749524, 41.4111463 ], [ 2.0745914, 41.4109939 ], [ 2.0740633, 41.4106791 ], [ 2.0737325, 41.4104628 ], [ 2.0735701, 41.4103347 ], [ 2.0733016, 41.41018 ], [ 2.0731411, 41.4101335 ], [ 2.0729908, 41.4101088 ], [ 2.0727847, 41.4101048 ], [ 2.0719397, 41.4101639 ], [ 2.0719378, 41.4101641 ], [ 2.0719334, 41.4101644 ], [ 2.0717596, 41.409912 ], [ 2.0716703, 41.4097615 ], [ 2.0714982, 41.4093794 ], [ 2.0714106, 41.4091115 ], [ 2.0714125, 41.4089738 ], [ 2.0714453, 41.4087473 ], [ 2.0715045, 41.4085555 ], [ 2.0716788, 41.4081814 ], [ 2.0718953, 41.4077387 ], [ 2.0718805, 41.4076555 ], [ 2.0717582, 41.4074844 ], [ 2.0717539, 41.4074784 ], [ 2.071564, 41.4073017 ], [ 2.0713717, 41.407211 ], [ 2.0704209, 41.4071305 ], [ 2.0697174, 41.407056 ], [ 2.0694429, 41.4068793 ], [ 2.0694243, 41.4068673 ], [ 2.0696019, 41.4062917 ], [ 2.0702811, 41.4058073 ], [ 2.0709294, 41.4052294 ], [ 2.0715707, 41.4045685 ], [ 2.0721534, 41.4038707 ], [ 2.072934, 41.4035317 ], [ 2.0736603, 41.4037036 ], [ 2.0741199, 41.4034329 ], [ 2.0745629, 41.4031084 ], [ 2.0748084, 41.4028614 ], [ 2.0750406, 41.4029909 ], [ 2.0753427, 41.4031066 ], [ 2.0756026, 41.4031776 ], [ 2.0758509, 41.4032069 ], [ 2.0764079, 41.403179 ], [ 2.076874, 41.4031119 ], [ 2.0777307, 41.4029132 ], [ 2.077742, 41.4029122 ], [ 2.0778854, 41.4028993 ], [ 2.0780694, 41.402918 ], [ 2.0782299, 41.402978 ], [ 2.0784262, 41.4031698 ], [ 2.0786912, 41.403255 ], [ 2.078846, 41.4033352 ], [ 2.0790031, 41.4034437 ], [ 2.0794767, 41.4038939 ], [ 2.0798622, 41.4042068 ], [ 2.080185, 41.4044898 ], [ 2.0801896, 41.4044968 ], [ 2.0803905, 41.4047971 ], [ 2.0804349, 41.4049919 ], [ 2.0804793, 41.4051663 ], [ 2.0804115, 41.4058734 ], [ 2.0804507, 41.4059547 ], [ 2.080462, 41.4059609 ], [ 2.0808136, 41.406154 ], [ 2.0809039, 41.4062377 ], [ 2.0809068, 41.4062425 ], [ 2.0809723, 41.4063496 ], [ 2.0809812, 41.4063544 ], [ 2.0811351, 41.406436 ], [ 2.0812836, 41.4064827 ], [ 2.0821278, 41.4068822 ], [ 2.0824851, 41.4070839 ], [ 2.0825918, 41.4071612 ], [ 2.082589, 41.4071664 ], [ 2.0825228, 41.4072882 ], [ 2.0826479, 41.4074749 ], [ 2.0826622, 41.4074893 ], [ 2.0831333, 41.4079501 ], [ 2.084217, 41.4088202 ], [ 2.0846452, 41.4091637 ], [ 2.0850299, 41.4094513 ], [ 2.0853343, 41.4095909 ], [ 2.0853378, 41.4095915 ], [ 2.0855745, 41.4096365 ], [ 2.0859882, 41.4096608 ], [ 2.0863772, 41.4096245 ], [ 2.0865891, 41.4095598 ], [ 2.0869171, 41.4093964 ], [ 2.0871948, 41.4091577 ], [ 2.0874851, 41.4089717 ], [ 2.0886859, 41.4085793 ], [ 2.0897994, 41.4083715 ], [ 2.0907111, 41.4082765 ], [ 2.0914795, 41.4081367 ], [ 2.0918165, 41.4081808 ], [ 2.0924882, 41.4082226 ], [ 2.0930053, 41.408172 ], [ 2.0940376, 41.408008 ], [ 2.0954873, 41.4077887 ], [ 2.096198, 41.407938 ], [ 2.0966632, 41.4082301 ], [ 2.0968994, 41.4084607 ], [ 2.0969009, 41.4084634 ], [ 2.097091, 41.4088044 ], [ 2.0972148, 41.4089686 ], [ 2.0972206, 41.4089717 ], [ 2.0973592, 41.4090454 ], [ 2.0975252, 41.4090953 ], [ 2.097794, 41.4091056 ], [ 2.0981809, 41.4090387 ], [ 2.098815, 41.4088838 ], [ 2.0990138, 41.4088262 ], [ 2.1001648, 41.4084074 ], [ 2.1005797, 41.4083539 ], [ 2.1008612, 41.4078297 ], [ 2.1012972, 41.4073179 ], [ 2.1013336, 41.4072614 ], [ 2.1013365, 41.4072028 ], [ 2.1014071, 41.4066536 ], [ 2.1015462, 41.4065191 ], [ 2.1016614, 41.406354 ], [ 2.1017236, 41.4059414 ], [ 2.1017352, 41.4053837 ], [ 2.1018216, 41.4051617 ], [ 2.1019532, 41.4049784 ], [ 2.1023686, 41.4048947 ], [ 2.1027179, 41.4048072 ], [ 2.1029383, 41.4047182 ], [ 2.1031724, 41.4046165 ], [ 2.1034047, 41.4045393 ], [ 2.1034865, 41.404459 ], [ 2.103649, 41.4041768 ], [ 2.1038074, 41.4037352 ], [ 2.1038159, 41.4034826 ], [ 2.1037685, 41.403213 ], [ 2.1036963, 41.4029897 ], [ 2.1034665, 41.402586 ], [ 2.1032766, 41.4023092 ], [ 2.1031782, 41.4020372 ], [ 2.1031301, 41.4016318 ], [ 2.1030375, 41.4013547 ], [ 2.1029226, 41.4011124 ], [ 2.1029219, 41.4011109 ], [ 2.1029216, 41.4011103 ], [ 2.1029196, 41.4011066 ], [ 2.1029138, 41.4010946 ], [ 2.1028392, 41.4010817 ], [ 2.1027575, 41.4010867 ], [ 2.102601, 41.4011207 ], [ 2.1025618, 41.4011204 ], [ 2.1025437, 41.4011204 ], [ 2.1025754, 41.4006513 ], [ 2.1025166, 41.4005203 ], [ 2.1021601, 41.3999139 ], [ 2.1021577, 41.3995824 ], [ 2.1020772, 41.3994648 ], [ 2.1020702, 41.3994545 ], [ 2.1019467, 41.3993609 ], [ 2.1017866, 41.3992761 ], [ 2.1016412, 41.3991242 ], [ 2.1016244, 41.3991065 ], [ 2.1014887, 41.3990102 ], [ 2.1010894, 41.3988707 ], [ 2.1005181, 41.3985551 ], [ 2.1005046, 41.3985476 ], [ 2.1004846, 41.3984862 ], [ 2.1004477, 41.3979566 ], [ 2.100088, 41.3973281 ], [ 2.0999932, 41.3969756 ], [ 2.099762, 41.3965782 ], [ 2.0997613, 41.396577 ], [ 2.0995939, 41.3964061 ], [ 2.0993753, 41.3962521 ], [ 2.0993681, 41.396247 ], [ 2.0991996, 41.3960265 ], [ 2.0990018, 41.3957293 ], [ 2.0990251, 41.3955468 ], [ 2.0990208, 41.3953683 ], [ 2.0990207, 41.395364 ], [ 2.0986297, 41.395053 ], [ 2.0984897, 41.3949181 ], [ 2.0984732, 41.3949023 ], [ 2.0984124, 41.3946643 ], [ 2.0982951, 41.3944343 ], [ 2.098194, 41.3942943 ], [ 2.098188, 41.394286 ], [ 2.0980211, 41.3941415 ], [ 2.0980115, 41.3941332 ], [ 2.097886, 41.3939715 ], [ 2.0978719, 41.3939534 ], [ 2.0979186, 41.3933919 ], [ 2.0980297, 41.3932544 ], [ 2.0983673, 41.3931593 ], [ 2.098595, 41.3931127 ], [ 2.0988252, 41.393014 ], [ 2.0991716, 41.3927662 ], [ 2.0995166, 41.3923258 ], [ 2.0998027, 41.3920657 ], [ 2.0999, 41.3919125 ], [ 2.0998669, 41.3916205 ], [ 2.0998815, 41.3911808 ], [ 2.0999828, 41.390822 ], [ 2.0999157, 41.3905925 ], [ 2.0999671, 41.3902614 ], [ 2.1000416, 41.3900089 ], [ 2.1000847, 41.3899008 ], [ 2.1001992, 41.3891389 ], [ 2.1002211, 41.3890575 ], [ 2.1002555, 41.3889804 ], [ 2.1003895, 41.3885883 ], [ 2.1005017, 41.3882156 ], [ 2.1007581, 41.3880046 ], [ 2.1010299, 41.3879023 ], [ 2.1011097, 41.3878918 ], [ 2.1013248, 41.3878442 ], [ 2.1014918, 41.3877378 ], [ 2.1017873, 41.3875134 ], [ 2.1018981, 41.3874633 ], [ 2.1019953, 41.3874432 ], [ 2.1021144, 41.3874002 ], [ 2.1021182, 41.3873903 ], [ 2.1021209, 41.3873828 ], [ 2.102041, 41.3873411 ], [ 2.1015897, 41.3872407 ], [ 2.1014083, 41.3871916 ], [ 2.1012212, 41.387124 ], [ 2.1011071, 41.3870732 ], [ 2.1010298, 41.3870207 ], [ 2.1009824, 41.3869789 ], [ 2.1009937, 41.3869711 ], [ 2.1010003, 41.3869666 ], [ 2.1010093, 41.3869595 ], [ 2.1011411, 41.3868529 ], [ 2.1013286, 41.3867273 ], [ 2.1013747, 41.3866861 ], [ 2.1013759, 41.3866851 ], [ 2.1015174, 41.3865592 ], [ 2.1015289, 41.3865489 ], [ 2.1016, 41.3865157 ], [ 2.1017618, 41.3863708 ], [ 2.1018578, 41.3862949 ], [ 2.1019367, 41.3861873 ], [ 2.1020078, 41.386129 ], [ 2.1020802, 41.3860793 ], [ 2.1021302, 41.3860495 ], [ 2.1021564, 41.386036 ], [ 2.1022468, 41.3860112 ], [ 2.1022727, 41.3859921 ], [ 2.1022732, 41.3859912 ], [ 2.1022978, 41.3859455 ], [ 2.1023472, 41.3858942 ], [ 2.1023484, 41.385893 ], [ 2.1023448, 41.3858739 ], [ 2.1023446, 41.3858731 ], [ 2.1023384, 41.3858397 ], [ 2.1023402, 41.385836 ], [ 2.1023476, 41.3858214 ], [ 2.1023559, 41.3858049 ], [ 2.1024225, 41.3857427 ], [ 2.1024816, 41.385717 ], [ 2.1025384, 41.3856986 ], [ 2.1026282, 41.3856855 ], [ 2.1026284, 41.3856847 ], [ 2.1026608, 41.3855946 ], [ 2.1026661, 41.3855911 ], [ 2.1027495, 41.3855358 ], [ 2.1027319, 41.3854894 ], [ 2.1028059, 41.3854388 ], [ 2.1028143, 41.3853429 ], [ 2.1028203, 41.3853256 ], [ 2.1028583, 41.3853007 ], [ 2.1029568, 41.3852495 ], [ 2.1029663, 41.3852003 ], [ 2.1029914, 41.3851614 ], [ 2.1030291, 41.3851327 ], [ 2.1032426, 41.38507 ], [ 2.1032507, 41.3849867 ], [ 2.1032758, 41.3849632 ], [ 2.1034644, 41.3848429 ], [ 2.1035138, 41.3847841 ], [ 2.1035726, 41.3847397 ], [ 2.1035649, 41.3846854 ], [ 2.103363, 41.3844153 ], [ 2.1033398, 41.3843941 ], [ 2.1029583, 41.3840279 ], [ 2.1028974, 41.3839679 ], [ 2.1026131, 41.383721 ], [ 2.1023803, 41.383613 ], [ 2.1016923, 41.3835745 ], [ 2.1016777, 41.3835736 ], [ 2.1014773, 41.3821215 ], [ 2.1014701, 41.3819131 ], [ 2.1015268, 41.3817283 ], [ 2.1018623, 41.3811242 ], [ 2.1021492, 41.3808657 ], [ 2.1025331, 41.3806677 ], [ 2.1029522, 41.3804152 ], [ 2.1037127, 41.379957 ], [ 2.1041605, 41.3796841 ], [ 2.1045906, 41.3794498 ], [ 2.1047477, 41.3794217 ], [ 2.1049287, 41.3794409 ], [ 2.1056588, 41.3794473 ], [ 2.105719, 41.3794229 ], [ 2.1057949, 41.3793469 ], [ 2.1058516, 41.3792688 ], [ 2.1058622, 41.3792572 ], [ 2.105967, 41.3791108 ], [ 2.1060278, 41.3790476 ], [ 2.1060928, 41.3790084 ], [ 2.1061904, 41.3789657 ], [ 2.1063245, 41.3788794 ], [ 2.1064855, 41.3788178 ], [ 2.1069633, 41.378751 ], [ 2.1071283, 41.3787067 ], [ 2.1076727, 41.3785159 ], [ 2.1079695, 41.3783604 ], [ 2.1081241, 41.3782611 ], [ 2.1081797, 41.3781571 ], [ 2.1082654, 41.3780338 ], [ 2.1082988, 41.3780056 ], [ 2.1083039, 41.3779998 ], [ 2.1083484, 41.37798 ], [ 2.1084083, 41.3779608 ], [ 2.1084623, 41.3779731 ], [ 2.1085755, 41.3779711 ], [ 2.1086482, 41.3779473 ], [ 2.1087623, 41.377831 ], [ 2.1092541, 41.3771177 ], [ 2.1092894, 41.3765277 ], [ 2.1092696, 41.375981 ], [ 2.1123811, 41.3759225 ], [ 2.1131962, 41.3759201 ], [ 2.114237, 41.3758947 ], [ 2.1168966, 41.375836 ], [ 2.1178468, 41.3758262 ], [ 2.119658, 41.3769289 ], [ 2.1214569, 41.3779809 ], [ 2.1215596, 41.3780249 ], [ 2.1217017, 41.3777061 ], [ 2.1217748, 41.3774861 ], [ 2.1217876, 41.3772917 ], [ 2.1217674, 41.377084 ], [ 2.121767, 41.3765353 ], [ 2.1217841, 41.3758476 ], [ 2.1218197, 41.37573 ], [ 2.1218441, 41.3756492 ], [ 2.121897, 41.3755882 ], [ 2.1222721, 41.3753027 ], [ 2.1233129, 41.3748029 ], [ 2.1234567, 41.3747222 ], [ 2.1237838, 41.3744089 ], [ 2.1237866, 41.3744063 ], [ 2.1237548, 41.3743818 ], [ 2.1237357, 41.3743672 ], [ 2.1239452, 41.3740804 ], [ 2.1240256, 41.374051 ], [ 2.1242715, 41.3736139 ], [ 2.1244303, 41.3735212 ], [ 2.1250735, 41.3731797 ], [ 2.1253765, 41.3729984 ], [ 2.126128, 41.3724726 ], [ 2.1264214, 41.3722469 ], [ 2.1264919, 41.3722571 ], [ 2.1266877, 41.3721149 ], [ 2.1271421, 41.3718056 ], [ 2.1271468, 41.3718024 ], [ 2.1271182, 41.371783 ], [ 2.127096, 41.3717681 ], [ 2.1280986, 41.371253 ], [ 2.1285594, 41.3710791 ], [ 2.1291134, 41.3707775 ], [ 2.1295094, 41.3704797 ], [ 2.1302435, 41.3698659 ], [ 2.1306343, 41.3694574 ], [ 2.1307523, 41.3692793 ], [ 2.1310201, 41.3689474 ], [ 2.1312852, 41.3685202 ], [ 2.1313644, 41.3685208 ], [ 2.1314434, 41.3682188 ], [ 2.1316755, 41.3677941 ], [ 2.1320545, 41.3667215 ], [ 2.1326691, 41.3658299 ], [ 2.1326872, 41.3656627 ], [ 2.1328038, 41.3652454 ], [ 2.1330688, 41.3646902 ], [ 2.1335542, 41.3636737 ], [ 2.134019, 41.3633559 ], [ 2.1358577, 41.3619726 ], [ 2.1358609, 41.3619702 ], [ 2.13463, 41.3610297 ], [ 2.1339712, 41.3605261 ], [ 2.1331609, 41.3599069 ], [ 2.1331444, 41.3598943 ], [ 2.1330701, 41.3589984 ], [ 2.1330638, 41.3587756 ], [ 2.1330895, 41.3577881 ], [ 2.1330523, 41.3572396 ], [ 2.1330032, 41.3568276 ], [ 2.1329095, 41.3563005 ], [ 2.1327779, 41.3559718 ], [ 2.132774, 41.3559618 ], [ 2.1324511, 41.3557674 ], [ 2.1320092, 41.3555917 ], [ 2.1319863, 41.3555826 ], [ 2.1324482, 41.3549141 ], [ 2.1328946, 41.3543308 ], [ 2.1332557, 41.3537896 ], [ 2.133902, 41.3527034 ], [ 2.1339921, 41.35264 ], [ 2.1343295, 41.3521781 ], [ 2.1345641, 41.3522636 ], [ 2.1355879, 41.3510212 ], [ 2.1355584, 41.3509597 ], [ 2.1362379, 41.3502455 ], [ 2.1371673, 41.3494384 ], [ 2.1371728, 41.3494337 ], [ 2.136953, 41.3493056 ], [ 2.1352371, 41.3486536 ], [ 2.1348618, 41.349139 ], [ 2.1334454, 41.348535 ], [ 2.133421, 41.3485247 ], [ 2.133834, 41.3481204 ], [ 2.1338404, 41.3481141 ], [ 2.1331073, 41.347756 ], [ 2.1328571, 41.3478938 ], [ 2.1325388, 41.3478602 ], [ 2.131969, 41.3474016 ], [ 2.1312807, 41.3470134 ], [ 2.130799, 41.3467417 ], [ 2.1304067, 41.3464607 ], [ 2.1303517, 41.3465417 ], [ 2.1299483, 41.3464234 ], [ 2.1298566, 41.3465515 ], [ 2.1295124, 41.3464217 ], [ 2.1294895, 41.3464131 ], [ 2.1295195, 41.3463691 ], [ 2.1295263, 41.3463591 ], [ 2.1289349, 41.3461648 ], [ 2.1288887, 41.3462526 ], [ 2.1286916, 41.34619 ], [ 2.1282885, 41.3467228 ], [ 2.1265469, 41.3457398 ], [ 2.1256481, 41.3453724 ], [ 2.1214187, 41.3436436 ], [ 2.1204567, 41.3432502 ], [ 2.1180025, 41.3422469 ], [ 2.1174417, 41.3420176 ], [ 2.1174205, 41.3420324 ], [ 2.1173775, 41.3419973 ], [ 2.1171109, 41.34192 ], [ 2.1165542, 41.3417587 ], [ 2.1147079, 41.3412236 ], [ 2.1129709, 41.3407201 ], [ 2.1112489, 41.3398877 ], [ 2.1079321, 41.3387287 ], [ 2.1075511, 41.3386584 ], [ 2.1058526, 41.3380572 ], [ 2.1046727, 41.3376275 ], [ 2.1033696, 41.3371503 ], [ 2.1026744, 41.3368856 ], [ 2.1026517, 41.3369225 ], [ 2.1021347, 41.336687 ], [ 2.1015662, 41.3364621 ], [ 2.1015478, 41.3364548 ], [ 2.1015125, 41.3364408 ], [ 2.1015087, 41.3364393 ], [ 2.1015021, 41.3364367 ], [ 2.1014983, 41.3364353 ], [ 2.1014698, 41.3364244 ], [ 2.1023034, 41.3359361 ], [ 2.1032026, 41.3355248 ], [ 2.1037128, 41.3353586 ], [ 2.106016, 41.3340579 ], [ 2.1072242, 41.3330535 ], [ 2.1083762, 41.3320275 ], [ 2.1091117, 41.3311895 ], [ 2.1103039, 41.3302238 ], [ 2.1103693, 41.3302251 ], [ 2.1129883, 41.327296 ], [ 2.1142029, 41.3254348 ], [ 2.1165088, 41.324228 ], [ 2.1206425, 41.3230929 ], [ 2.1239901, 41.3223952 ], [ 2.1267819, 41.3218647 ], [ 2.1284578, 41.321606 ], [ 2.1300785, 41.3214381 ], [ 2.1323173, 41.3212058 ], [ 2.1505516, 41.3198622 ], [ 2.1531442, 41.3196709 ], [ 2.1541358, 41.3210819 ], [ 2.152694, 41.3218136 ], [ 2.1547487, 41.3277035 ], [ 2.1585858, 41.3276518 ], [ 2.1582477, 41.3268908 ], [ 2.1592034, 41.3267917 ], [ 2.1592119, 41.3268103 ], [ 2.1639754, 41.337245 ], [ 2.1654062, 41.3411094 ], [ 2.165416, 41.3411081 ], [ 2.166229, 41.3410039 ], [ 2.1662364, 41.3410227 ], [ 2.1667164, 41.3422455 ], [ 2.1591894, 41.3434401 ], [ 2.1579105, 41.3426146 ], [ 2.1562003, 41.3418821 ], [ 2.1561918, 41.3418785 ], [ 2.1549628, 41.3398045 ], [ 2.1549515, 41.3397856 ], [ 2.1545715, 41.3398684 ], [ 2.1545664, 41.3398696 ], [ 2.1494118, 41.3316698 ], [ 2.1485595, 41.3301781 ], [ 2.1485482, 41.3301583 ], [ 2.1475068, 41.330527 ], [ 2.1475429, 41.3307008 ], [ 2.1472301, 41.3311327 ], [ 2.1484293, 41.3333991 ], [ 2.1444176, 41.3347875 ], [ 2.1454708, 41.336474 ], [ 2.1454768, 41.3364741 ], [ 2.1496549, 41.3365918 ], [ 2.1496573, 41.3366091 ], [ 2.1510221, 41.3463701 ], [ 2.1510363, 41.3463694 ], [ 2.1517718, 41.3463337 ], [ 2.1516694, 41.3456638 ], [ 2.1519752, 41.3456243 ], [ 2.1519781, 41.3456437 ], [ 2.1520773, 41.3463151 ], [ 2.1520911, 41.3463123 ], [ 2.152578, 41.3462142 ], [ 2.1525307, 41.3455866 ], [ 2.1528642, 41.3455472 ], [ 2.1526849, 41.3443957 ], [ 2.1531013, 41.3443779 ], [ 2.1529489, 41.3432893 ], [ 2.1537862, 41.3429191 ], [ 2.1614995, 41.3472833 ], [ 2.1614997, 41.3472915 ], [ 2.1615026, 41.3473847 ], [ 2.1603985, 41.348739 ], [ 2.160424, 41.3487462 ], [ 2.1607027, 41.3488248 ], [ 2.1606971, 41.3488361 ], [ 2.1605527, 41.3491272 ], [ 2.1601645, 41.3496783 ], [ 2.160262, 41.3507246 ], [ 2.1602779, 41.3507318 ], [ 2.1608692, 41.3510008 ], [ 2.1654051, 41.3456597 ], [ 2.1659017, 41.3458932 ], [ 2.1658959, 41.3459003 ], [ 2.1614851, 41.3513366 ], [ 2.1615072, 41.3513478 ], [ 2.1624956, 41.3518491 ], [ 2.1631149, 41.3511636 ], [ 2.1634254, 41.351166 ], [ 2.1675264, 41.3484537 ], [ 2.1671927, 41.3479672 ], [ 2.1674552, 41.3478734 ], [ 2.1674678, 41.3478926 ], [ 2.1706502, 41.3527289 ], [ 2.1730998, 41.3565313 ], [ 2.1699825, 41.3586381 ], [ 2.1709436, 41.3602276 ], [ 2.1709486, 41.3602258 ], [ 2.1754579, 41.3585328 ], [ 2.1754703, 41.3585521 ], [ 2.1767542, 41.360562 ], [ 2.1722901, 41.3622409 ], [ 2.1749221, 41.3656875 ], [ 2.1749247, 41.3656865 ], [ 2.1795879, 41.3639799 ], [ 2.1796044, 41.3639977 ], [ 2.1796782, 41.3640771 ], [ 2.1807789, 41.3658009 ], [ 2.1807496, 41.3658919 ], [ 2.1798225, 41.3662271 ], [ 2.1798173, 41.366229 ], [ 2.1796821, 41.3660018 ], [ 2.1796704, 41.3659821 ], [ 2.1765999, 41.3671052 ], [ 2.1767362, 41.3672865 ], [ 2.176743, 41.3673807 ], [ 2.1764852, 41.3674141 ], [ 2.1771083, 41.3721297 ], [ 2.177376, 41.3721029 ], [ 2.1774842, 41.372148 ], [ 2.1776475, 41.3723469 ], [ 2.1814769, 41.3705786 ], [ 2.1813364, 41.370395 ], [ 2.1815938, 41.3702792 ], [ 2.1820909, 41.3703679 ], [ 2.1821047, 41.3703851 ], [ 2.1830419, 41.3715464 ], [ 2.1829188, 41.3719335 ], [ 2.1826324, 41.3720306 ], [ 2.18263, 41.3720314 ], [ 2.182514, 41.3718826 ], [ 2.1824994, 41.3718638 ], [ 2.1781243, 41.3738193 ], [ 2.1782765, 41.3740105 ], [ 2.1780227, 41.3741168 ], [ 2.1786227, 41.3748811 ], [ 2.1823094, 41.3795321 ], [ 2.1823115, 41.3795311 ], [ 2.1824876, 41.3794478 ], [ 2.1832245, 41.3775497 ], [ 2.1814929, 41.3753525 ], [ 2.1816345, 41.3748801 ], [ 2.182882, 41.3742961 ], [ 2.1830855, 41.3743188 ], [ 2.1830992, 41.3743361 ], [ 2.1849919, 41.3767379 ], [ 2.1835381, 41.380498 ], [ 2.1835596, 41.3805037 ], [ 2.1837103, 41.3805436 ], [ 2.1841878, 41.3806755 ], [ 2.1846377, 41.3807381 ], [ 2.1861982, 41.3799995 ], [ 2.1862684, 41.3798056 ], [ 2.186388, 41.3797498 ], [ 2.1872785, 41.3774861 ], [ 2.1868912, 41.3760064 ], [ 2.1866012, 41.3760463 ], [ 2.1868318, 41.3759057 ], [ 2.1866839, 41.3755541 ], [ 2.1852765, 41.374996 ], [ 2.1852615, 41.37499 ], [ 2.1848889, 41.3726329 ], [ 2.1856316, 41.3725571 ], [ 2.1856347, 41.3725762 ], [ 2.1859484, 41.374514 ], [ 2.1859634, 41.3745199 ], [ 2.186657, 41.3747952 ], [ 2.1874698, 41.3745428 ], [ 2.1871213, 41.3738856 ], [ 2.1871923, 41.3738691 ], [ 2.1872024, 41.3738884 ], [ 2.1875794, 41.3746033 ], [ 2.1875863, 41.374602 ], [ 2.1878434, 41.3745519 ], [ 2.1877159, 41.3743313 ], [ 2.1873608, 41.3723105 ], [ 2.1873574, 41.3722916 ], [ 2.1858946, 41.372426 ], [ 2.185881, 41.3724273 ], [ 2.185715, 41.37146 ], [ 2.1863572, 41.3714057 ], [ 2.1863236, 41.37118 ], [ 2.1871974, 41.3710977 ], [ 2.1871591, 41.3708891 ], [ 2.1871225, 41.3706641 ], [ 2.1846255, 41.3709279 ], [ 2.1846118, 41.3709293 ], [ 2.1845295, 41.3704456 ], [ 2.1849544, 41.3704032 ], [ 2.1845882, 41.3685267 ], [ 2.1851851, 41.3684575 ], [ 2.1851116, 41.3680815 ], [ 2.1859612, 41.3680041 ], [ 2.185965, 41.3680229 ], [ 2.1864064, 41.3702623 ], [ 2.1864194, 41.3702609 ], [ 2.1873763, 41.3701526 ], [ 2.1870637, 41.3683993 ], [ 2.1870602, 41.3683801 ], [ 2.1865634, 41.3684354 ], [ 2.1865494, 41.368437 ], [ 2.1865282, 41.3682943 ], [ 2.1869406, 41.3682577 ], [ 2.1866603, 41.3668963 ], [ 2.1857081, 41.3657864 ], [ 2.1854787, 41.3658513 ], [ 2.1826329, 41.3651994 ], [ 2.1823917, 41.3647626 ], [ 2.1751555, 41.3535548 ], [ 2.1751431, 41.3535355 ], [ 2.1749114, 41.3536221 ], [ 2.1749077, 41.3536235 ], [ 2.174902, 41.3536153 ], [ 2.1748679, 41.3535653 ], [ 2.1748677, 41.3535647 ], [ 2.1748618, 41.353509 ], [ 2.1748414, 41.3533197 ], [ 2.1749917, 41.3532664 ], [ 2.1748915, 41.3531118 ], [ 2.172432, 41.3493119 ], [ 2.1724195, 41.3492926 ], [ 2.1721016, 41.3494092 ], [ 2.1720971, 41.3494108 ], [ 2.1719798, 41.3492294 ], [ 2.1719063, 41.3490553 ], [ 2.1718634, 41.3488558 ], [ 2.1718633, 41.3488552 ], [ 2.1722167, 41.3488121 ], [ 2.1687578, 41.3327456 ], [ 2.170758, 41.3330304 ], [ 2.1691898, 41.3264648 ], [ 2.1723976, 41.3164619 ], [ 2.1734205, 41.316787 ], [ 2.1702971, 41.3263736 ], [ 2.1755226, 41.3505976 ], [ 2.1762754, 41.3514963 ], [ 2.1763848, 41.3522218 ], [ 2.1831786, 41.3630804 ], [ 2.1835864, 41.3631428 ], [ 2.1835189, 41.3639424 ], [ 2.1833202, 41.3650328 ], [ 2.184783, 41.3653618 ], [ 2.1850489, 41.364747 ], [ 2.1861519, 41.3639865 ], [ 2.1868771, 41.3639777 ], [ 2.186884, 41.3643005 ], [ 2.1862334, 41.3644946 ], [ 2.1861088, 41.3647917 ], [ 2.1869397, 41.3655675 ], [ 2.1875951, 41.36676 ], [ 2.1879527, 41.3672065 ], [ 2.1893335, 41.3667109 ], [ 2.1872722, 41.3635216 ], [ 2.1866778, 41.3633911 ], [ 2.1865679, 41.3630765 ], [ 2.1870915, 41.3629623 ], [ 2.1850285, 41.3579763 ], [ 2.1846533, 41.3580586 ], [ 2.1845905, 41.3579015 ], [ 2.1853775, 41.357707 ], [ 2.1870887, 41.3616848 ], [ 2.187763, 41.3634391 ], [ 2.1918812, 41.3698249 ], [ 2.1914849, 41.3699262 ], [ 2.191141, 41.3693147 ], [ 2.1892495, 41.3697965 ], [ 2.1891001, 41.3700697 ], [ 2.1891823, 41.3704743 ], [ 2.1895281, 41.3715711 ], [ 2.1913645, 41.3761562 ], [ 2.1918296, 41.3770173 ], [ 2.192175, 41.3775487 ], [ 2.1928134, 41.3787272 ], [ 2.1932083, 41.3793975 ], [ 2.1947725, 41.3809588 ] ] ] } },
{ "type": "Feature", "properties": { "iden": "GD3", "nom": "Llobregat Nord", "municipis": "7", "color": 82 }, "geometry": { "type": "Polygon", "coordinates": [ [ [ 2.0328406, 41.4416267 ], [ 2.0328957, 41.4415863 ], [ 2.0329459, 41.4412927 ], [ 2.032839, 41.4408178 ], [ 2.0326843, 41.4403538 ], [ 2.0326551, 41.4401014 ], [ 2.0328044, 41.4394878 ], [ 2.0328075, 41.4392095 ], [ 2.0326416, 41.4390431 ], [ 2.0320156, 41.4386406 ], [ 2.0301888, 41.4375421 ], [ 2.0300023, 41.437314 ], [ 2.0299294, 41.4369888 ], [ 2.0298744, 41.4366306 ], [ 2.0297812, 41.4364729 ], [ 2.0293735, 41.4360676 ], [ 2.0289181, 41.4355759 ], [ 2.0286684, 41.4351568 ], [ 2.0282706, 41.4343302 ], [ 2.028174, 41.4339812 ], [ 2.0281517, 41.4335517 ], [ 2.0278581, 41.4332427 ], [ 2.0267814, 41.4328763 ], [ 2.0264228, 41.4326692 ], [ 2.025974, 41.4322745 ], [ 2.0254723, 41.4316453 ], [ 2.0250686, 41.4310815 ], [ 2.0247212, 41.4308021 ], [ 2.0241583, 41.430484 ], [ 2.0235474, 41.4302284 ], [ 2.0229738, 41.4300928 ], [ 2.0225218, 41.4300782 ], [ 2.0217794, 41.4301117 ], [ 2.0209362, 41.4301879 ], [ 2.0190551, 41.4302 ], [ 2.0193098, 41.4288897 ], [ 2.0183466, 41.4284697 ], [ 2.018244, 41.4271521 ], [ 2.0171298, 41.4278498 ], [ 2.0094147, 41.4252522 ], [ 2.0082186, 41.4242569 ], [ 2.0083411, 41.4239576 ], [ 2.0080024, 41.423874 ], [ 2.0085167, 41.4220991 ], [ 2.0079565, 41.4216727 ], [ 2.0076368, 41.421735 ], [ 2.0067298, 41.4217051 ], [ 2.0056274, 41.421319 ], [ 2.0056899, 41.4211549 ], [ 2.0057598, 41.4209712 ], [ 2.0058604, 41.4207192 ], [ 2.0059661, 41.4204685 ], [ 2.0060867, 41.4202132 ], [ 2.0064021, 41.4196448 ], [ 2.006718, 41.4190768 ], [ 2.0070975, 41.4183667 ], [ 2.00747, 41.4176545 ], [ 2.0077062, 41.417192 ], [ 2.0079422, 41.4167295 ], [ 2.0079809, 41.4165225 ], [ 2.0080195, 41.4163155 ], [ 2.008038, 41.4161015 ], [ 2.0080711, 41.4153255 ], [ 2.008076, 41.4150347 ], [ 2.0080786, 41.4147438 ], [ 2.0080887, 41.4146038 ], [ 2.0081088, 41.4144643 ], [ 2.0081395, 41.4143371 ], [ 2.0081725, 41.41421 ], [ 2.0081949, 41.4140891 ], [ 2.0082073, 41.4139682 ], [ 2.0082013, 41.4138504 ], [ 2.0081806, 41.4137327 ], [ 2.0081436, 41.4134971 ], [ 2.0081437, 41.4132503 ], [ 2.0081694, 41.4130031 ], [ 2.0081988, 41.4128647 ], [ 2.0082403, 41.4127283 ], [ 2.0083587, 41.4124603 ], [ 2.0085051, 41.4122243 ], [ 2.0086812, 41.4120005 ], [ 2.0087936, 41.4118795 ], [ 2.0089235, 41.411769 ], [ 2.0090726, 41.411673 ], [ 2.0092324, 41.4115888 ], [ 2.0093547, 41.4115398 ], [ 2.0094785, 41.4114934 ], [ 2.0095534, 41.4114542 ], [ 2.0096831, 41.4113703 ], [ 2.0098129, 41.4112865 ], [ 2.0098166, 41.4105097 ], [ 2.0102864, 41.409572 ], [ 2.0110068, 41.4088334 ], [ 2.011381, 41.4082536 ], [ 2.0116633, 41.4080618 ], [ 2.0127218, 41.4068836 ], [ 2.0131811, 41.4057123 ], [ 2.0148504, 41.4033758 ], [ 2.0152136, 41.4027294 ], [ 2.0155008, 41.4012472 ], [ 2.0156074, 41.4000418 ], [ 2.0162419, 41.3989647 ], [ 2.0166457, 41.3985351 ], [ 2.0170919, 41.3982296 ], [ 2.0191337, 41.3972159 ], [ 2.0198495, 41.3967686 ], [ 2.0204589, 41.3962555 ], [ 2.0204879, 41.3957539 ], [ 2.0209689, 41.3944119 ], [ 2.0208899, 41.3937926 ], [ 2.0205906, 41.3931405 ], [ 2.0200706, 41.3924865 ], [ 2.019822, 41.3914018 ], [ 2.0207469, 41.389048 ], [ 2.0239684, 41.3859002 ], [ 2.0254248, 41.3850433 ], [ 2.0261109, 41.3838691 ], [ 2.0261198, 41.3832702 ], [ 2.0259457, 41.3832372 ], [ 2.0261355, 41.3818066 ], [ 2.0267954, 41.3801413 ], [ 2.0283023, 41.3787759 ], [ 2.0310113, 41.3736735 ], [ 2.0330154, 41.372632 ], [ 2.035079, 41.3712768 ], [ 2.0355422, 41.3709185 ], [ 2.0359279, 41.3705258 ], [ 2.0361899, 41.370189 ], [ 2.0366101, 41.3697207 ], [ 2.0369626, 41.3693024 ], [ 2.0372812, 41.3689092 ], [ 2.0375076, 41.3687089 ], [ 2.0378331, 41.3685936 ], [ 2.0384068, 41.3683289 ], [ 2.0390259, 41.3680139 ], [ 2.039658, 41.3677559 ], [ 2.0402098, 41.3674573 ], [ 2.0406143, 41.3672922 ], [ 2.0414659, 41.3671224 ], [ 2.0423284, 41.366961 ], [ 2.0429435, 41.3669156 ], [ 2.0432796, 41.366851 ], [ 2.0436718, 41.3667701 ], [ 2.0439415, 41.3666543 ], [ 2.0441788, 41.366471 ], [ 2.0444424, 41.3662078 ], [ 2.0449407, 41.3657402 ], [ 2.0453723, 41.3652636 ], [ 2.046051, 41.3646795 ], [ 2.0465713, 41.3642374 ], [ 2.0468899, 41.3638419 ], [ 2.0470978, 41.3633719 ], [ 2.0473405, 41.3628179 ], [ 2.0478198, 41.3621225 ], [ 2.0484788, 41.3617509 ], [ 2.048491, 41.3616047 ], [ 2.0485506, 41.3609762 ], [ 2.0486215, 41.3603352 ], [ 2.0479879, 41.3602592 ], [ 2.0479783, 41.360258 ], [ 2.0474416, 41.3602639 ], [ 2.0451056, 41.3593784 ], [ 2.0438513, 41.3588958 ], [ 2.0433725, 41.358712 ], [ 2.0363415, 41.3560127 ], [ 2.0363084, 41.3557095 ], [ 2.0362727, 41.3549273 ], [ 2.0362462, 41.3545019 ], [ 2.0362456, 41.3542996 ], [ 2.0362262, 41.3540514 ], [ 2.0362323, 41.3538724 ], [ 2.0362333, 41.3538417 ], [ 2.0367051, 41.3525545 ], [ 2.0368352, 41.3522928 ], [ 2.0371219, 41.3519822 ], [ 2.0376255, 41.3515616 ], [ 2.0381537, 41.3510598 ], [ 2.0389596, 41.3503826 ], [ 2.0399602, 41.3498787 ], [ 2.0408459, 41.3502383 ], [ 2.0414095, 41.3506573 ], [ 2.0443714, 41.3528416 ], [ 2.0447679, 41.3531373 ], [ 2.0449773, 41.3533179 ], [ 2.0452746, 41.3535146 ], [ 2.0454999, 41.3536745 ], [ 2.0456443, 41.3537769 ], [ 2.0457465, 41.3538288 ], [ 2.0458402, 41.3524793 ], [ 2.0458422, 41.352451 ], [ 2.0457719, 41.3509603 ], [ 2.0455921, 41.3501965 ], [ 2.0460968, 41.3495599 ], [ 2.0463901, 41.3492768 ], [ 2.0466449, 41.349031 ], [ 2.0472236, 41.3484845 ], [ 2.0476402, 41.3479852 ], [ 2.0480591, 41.3477093 ], [ 2.0493703, 41.3474887 ], [ 2.0506843, 41.3474752 ], [ 2.0506859, 41.3474755 ], [ 2.0511123, 41.3475576 ], [ 2.0512911, 41.3475921 ], [ 2.0515702, 41.3476511 ], [ 2.0520727, 41.3477644 ], [ 2.0533753, 41.3483567 ], [ 2.0538518, 41.3485733 ], [ 2.0547932, 41.3489294 ], [ 2.0549872, 41.3489257 ], [ 2.0557568, 41.348911 ], [ 2.0566346, 41.3488852 ], [ 2.0573348, 41.3488586 ], [ 2.0580521, 41.3487041 ], [ 2.0586479, 41.3485258 ], [ 2.0591667, 41.3484154 ], [ 2.0597627, 41.348237 ], [ 2.0606191, 41.3479233 ], [ 2.0615737, 41.3474985 ], [ 2.0625054, 41.3471467 ], [ 2.0625674, 41.3471204 ], [ 2.0630808, 41.346903 ], [ 2.0635633, 41.3466909 ], [ 2.063863, 41.3465067 ], [ 2.0643677, 41.3463488 ], [ 2.0646008, 41.3462398 ], [ 2.064855, 41.3461152 ], [ 2.065109, 41.3460063 ], [ 2.0654054, 41.3458819 ], [ 2.0657444, 41.3457262 ], [ 2.0661881, 41.3455873 ], [ 2.0664423, 41.3454784 ], [ 2.0667173, 41.3453698 ], [ 2.0670562, 41.3452141 ], [ 2.0675396, 41.3450627 ], [ 2.06755, 41.3448934 ], [ 2.0701808, 41.3447763 ], [ 2.0711843, 41.3450747 ], [ 2.071587, 41.3451944 ], [ 2.0725242, 41.3453711 ], [ 2.0759065, 41.3480872 ], [ 2.0761837, 41.3482514 ], [ 2.0765878, 41.3484161 ], [ 2.0769578, 41.3484868 ], [ 2.0774627, 41.3484594 ], [ 2.0778049, 41.3483696 ], [ 2.0778672, 41.3483532 ], [ 2.0784016, 41.348141 ], [ 2.0787927, 41.3478416 ], [ 2.0800583, 41.3468728 ], [ 2.0809921, 41.3464003 ], [ 2.0824425, 41.3459689 ], [ 2.0851931, 41.3454221 ], [ 2.0856705, 41.3452631 ], [ 2.085864, 41.3451561 ], [ 2.08595, 41.3450903 ], [ 2.0865471, 41.3446337 ], [ 2.0884435, 41.3428728 ], [ 2.0906092, 41.3415883 ], [ 2.0922118, 41.3405456 ], [ 2.0942476, 41.3396653 ], [ 2.0956507, 41.339065 ], [ 2.0966389, 41.3385587 ], [ 2.0971194, 41.3382909 ], [ 2.0985248, 41.3374523 ], [ 2.1002824, 41.3363688 ], [ 2.1008382, 41.3360261 ], [ 2.1014698, 41.3364244 ], [ 2.1014983, 41.3364353 ], [ 2.1015021, 41.3364367 ], [ 2.1015087, 41.3364393 ], [ 2.1015125, 41.3364408 ], [ 2.1015478, 41.3364548 ], [ 2.1015662, 41.3364621 ], [ 2.1021347, 41.336687 ], [ 2.1026517, 41.3369225 ], [ 2.1026744, 41.3368856 ], [ 2.1033696, 41.3371503 ], [ 2.1046727, 41.3376275 ], [ 2.1058526, 41.3380572 ], [ 2.1075511, 41.3386584 ], [ 2.1079321, 41.3387287 ], [ 2.1112489, 41.3398877 ], [ 2.1129709, 41.3407201 ], [ 2.1147079, 41.3412236 ], [ 2.1165542, 41.3417587 ], [ 2.1171109, 41.34192 ], [ 2.1173775, 41.3419973 ], [ 2.1174205, 41.3420324 ], [ 2.1174417, 41.3420176 ], [ 2.1180025, 41.3422469 ], [ 2.1204567, 41.3432502 ], [ 2.1214187, 41.3436436 ], [ 2.1256481, 41.3453724 ], [ 2.1265469, 41.3457398 ], [ 2.1282885, 41.3467228 ], [ 2.1286916, 41.34619 ], [ 2.1288887, 41.3462526 ], [ 2.1289349, 41.3461648 ], [ 2.1295263, 41.3463591 ], [ 2.1295195, 41.3463691 ], [ 2.1294895, 41.3464131 ], [ 2.1295124, 41.3464217 ], [ 2.1298566, 41.3465515 ], [ 2.1299483, 41.3464234 ], [ 2.1303517, 41.3465417 ], [ 2.1304067, 41.3464607 ], [ 2.130799, 41.3467417 ], [ 2.1312807, 41.3470134 ], [ 2.131969, 41.3474016 ], [ 2.1325388, 41.3478602 ], [ 2.1328571, 41.3478938 ], [ 2.1331073, 41.347756 ], [ 2.1338404, 41.3481141 ], [ 2.133834, 41.3481204 ], [ 2.133421, 41.3485247 ], [ 2.1334454, 41.348535 ], [ 2.1348618, 41.349139 ], [ 2.1352371, 41.3486536 ], [ 2.136953, 41.3493056 ], [ 2.1371728, 41.3494337 ], [ 2.1371673, 41.3494384 ], [ 2.1362379, 41.3502455 ], [ 2.1355584, 41.3509597 ], [ 2.1355879, 41.3510212 ], [ 2.1345641, 41.3522636 ], [ 2.1343295, 41.3521781 ], [ 2.1339921, 41.35264 ], [ 2.133902, 41.3527034 ], [ 2.1332557, 41.3537896 ], [ 2.1328946, 41.3543308 ], [ 2.1324482, 41.3549141 ], [ 2.1319863, 41.3555826 ], [ 2.1320092, 41.3555917 ], [ 2.1324511, 41.3557674 ], [ 2.132774, 41.3559618 ], [ 2.1327779, 41.3559718 ], [ 2.1329095, 41.3563005 ], [ 2.1330032, 41.3568276 ], [ 2.1330523, 41.3572396 ], [ 2.1330895, 41.3577881 ], [ 2.1330638, 41.3587756 ], [ 2.1330701, 41.3589984 ], [ 2.1331444, 41.3598943 ], [ 2.1331609, 41.3599069 ], [ 2.1339712, 41.3605261 ], [ 2.13463, 41.3610297 ], [ 2.1358609, 41.3619702 ], [ 2.1358577, 41.3619726 ], [ 2.134019, 41.3633559 ], [ 2.1335542, 41.3636737 ], [ 2.1330688, 41.3646902 ], [ 2.1328038, 41.3652454 ], [ 2.1326872, 41.3656627 ], [ 2.1326691, 41.3658299 ], [ 2.1320545, 41.3667215 ], [ 2.1316755, 41.3677941 ], [ 2.1314434, 41.3682188 ], [ 2.1313644, 41.3685208 ], [ 2.1312852, 41.3685202 ], [ 2.1310201, 41.3689474 ], [ 2.1307523, 41.3692793 ], [ 2.1306343, 41.3694574 ], [ 2.1302435, 41.3698659 ], [ 2.1295094, 41.3704797 ], [ 2.1291134, 41.3707775 ], [ 2.1285594, 41.3710791 ], [ 2.1280986, 41.371253 ], [ 2.127096, 41.3717681 ], [ 2.1271182, 41.371783 ], [ 2.1271468, 41.3718024 ], [ 2.1271421, 41.3718056 ], [ 2.1266877, 41.3721149 ], [ 2.1264919, 41.3722571 ], [ 2.1264214, 41.3722469 ], [ 2.126128, 41.3724726 ], [ 2.1253765, 41.3729984 ], [ 2.1250735, 41.3731797 ], [ 2.1244303, 41.3735212 ], [ 2.1242715, 41.3736139 ], [ 2.1240256, 41.374051 ], [ 2.1239452, 41.3740804 ], [ 2.1237357, 41.3743672 ], [ 2.1237548, 41.3743818 ], [ 2.1237866, 41.3744063 ], [ 2.1237838, 41.3744089 ], [ 2.1234567, 41.3747222 ], [ 2.1233129, 41.3748029 ], [ 2.1222721, 41.3753027 ], [ 2.121897, 41.3755882 ], [ 2.1218441, 41.3756492 ], [ 2.1218197, 41.37573 ], [ 2.1217841, 41.3758476 ], [ 2.121767, 41.3765353 ], [ 2.1217674, 41.377084 ], [ 2.1217876, 41.3772917 ], [ 2.1217748, 41.3774861 ], [ 2.1217017, 41.3777061 ], [ 2.1215596, 41.3780249 ], [ 2.1214569, 41.3779809 ], [ 2.119658, 41.3769289 ], [ 2.1178468, 41.3758262 ], [ 2.1168966, 41.375836 ], [ 2.114237, 41.3758947 ], [ 2.1131962, 41.3759201 ], [ 2.1123811, 41.3759225 ], [ 2.1092696, 41.375981 ], [ 2.1092894, 41.3765277 ], [ 2.1092541, 41.3771177 ], [ 2.1087623, 41.377831 ], [ 2.1086482, 41.3779473 ], [ 2.1085755, 41.3779711 ], [ 2.1084623, 41.3779731 ], [ 2.1084083, 41.3779608 ], [ 2.1083484, 41.37798 ], [ 2.1083039, 41.3779998 ], [ 2.1082988, 41.3780056 ], [ 2.1082654, 41.3780338 ], [ 2.1081797, 41.3781571 ], [ 2.1081241, 41.3782611 ], [ 2.1079695, 41.3783604 ], [ 2.1076727, 41.3785159 ], [ 2.1071283, 41.3787067 ], [ 2.1069633, 41.378751 ], [ 2.1064855, 41.3788178 ], [ 2.1063245, 41.3788794 ], [ 2.1061904, 41.3789657 ], [ 2.1060928, 41.3790084 ], [ 2.1060278, 41.3790476 ], [ 2.105967, 41.3791108 ], [ 2.1058622, 41.3792572 ], [ 2.1058516, 41.3792688 ], [ 2.1057949, 41.3793469 ], [ 2.105719, 41.3794229 ], [ 2.1056588, 41.3794473 ], [ 2.1049287, 41.3794409 ], [ 2.1047477, 41.3794217 ], [ 2.1045906, 41.3794498 ], [ 2.1041605, 41.3796841 ], [ 2.1037127, 41.379957 ], [ 2.1029522, 41.3804152 ], [ 2.1025331, 41.3806677 ], [ 2.1021492, 41.3808657 ], [ 2.1018623, 41.3811242 ], [ 2.1015268, 41.3817283 ], [ 2.1014701, 41.3819131 ], [ 2.1014773, 41.3821215 ], [ 2.1016777, 41.3835736 ], [ 2.1016923, 41.3835745 ], [ 2.1023803, 41.383613 ], [ 2.1026131, 41.383721 ], [ 2.1028974, 41.3839679 ], [ 2.1029583, 41.3840279 ], [ 2.1033398, 41.3843941 ], [ 2.103363, 41.3844153 ], [ 2.1035649, 41.3846854 ], [ 2.1035726, 41.3847397 ], [ 2.1035138, 41.3847841 ], [ 2.1034644, 41.3848429 ], [ 2.1032758, 41.3849632 ], [ 2.1032507, 41.3849867 ], [ 2.1032426, 41.38507 ], [ 2.1030291, 41.3851327 ], [ 2.1029914, 41.3851614 ], [ 2.1029663, 41.3852003 ], [ 2.1029568, 41.3852495 ], [ 2.1028583, 41.3853007 ], [ 2.1028203, 41.3853256 ], [ 2.1028143, 41.3853429 ], [ 2.1028059, 41.3854388 ], [ 2.1027319, 41.3854894 ], [ 2.1027495, 41.3855358 ], [ 2.1026661, 41.3855911 ], [ 2.1026608, 41.3855946 ], [ 2.1026284, 41.3856847 ], [ 2.1026282, 41.3856855 ], [ 2.1025384, 41.3856986 ], [ 2.1024816, 41.385717 ], [ 2.1024225, 41.3857427 ], [ 2.1023559, 41.3858049 ], [ 2.1023476, 41.3858214 ], [ 2.1023402, 41.385836 ], [ 2.1023384, 41.3858397 ], [ 2.1023446, 41.3858731 ], [ 2.1023448, 41.3858739 ], [ 2.1023484, 41.385893 ], [ 2.1023472, 41.3858942 ], [ 2.1022978, 41.3859455 ], [ 2.1022732, 41.3859912 ], [ 2.1022727, 41.3859921 ], [ 2.1022468, 41.3860112 ], [ 2.1021564, 41.386036 ], [ 2.1021302, 41.3860495 ], [ 2.1020802, 41.3860793 ], [ 2.1020078, 41.386129 ], [ 2.1019367, 41.3861873 ], [ 2.1018578, 41.3862949 ], [ 2.1017618, 41.3863708 ], [ 2.1016, 41.3865157 ], [ 2.1015289, 41.3865489 ], [ 2.1015174, 41.3865592 ], [ 2.1013759, 41.3866851 ], [ 2.1013747, 41.3866861 ], [ 2.1013286, 41.3867273 ], [ 2.1011411, 41.3868529 ], [ 2.1010093, 41.3869595 ], [ 2.1010003, 41.3869666 ], [ 2.1009937, 41.3869711 ], [ 2.1009824, 41.3869789 ], [ 2.1010298, 41.3870207 ], [ 2.1011071, 41.3870732 ], [ 2.1012212, 41.387124 ], [ 2.1014083, 41.3871916 ], [ 2.1015897, 41.3872407 ], [ 2.102041, 41.3873411 ], [ 2.1021209, 41.3873828 ], [ 2.1021182, 41.3873903 ], [ 2.1021144, 41.3874002 ], [ 2.1019953, 41.3874432 ], [ 2.1018981, 41.3874633 ], [ 2.1017873, 41.3875134 ], [ 2.1014918, 41.3877378 ], [ 2.1013248, 41.3878442 ], [ 2.1011097, 41.3878918 ], [ 2.1010299, 41.3879023 ], [ 2.1007581, 41.3880046 ], [ 2.1005017, 41.3882156 ], [ 2.1003895, 41.3885883 ], [ 2.1002555, 41.3889804 ], [ 2.1002211, 41.3890575 ], [ 2.1001992, 41.3891389 ], [ 2.1000847, 41.3899008 ], [ 2.1000416, 41.3900089 ], [ 2.0999671, 41.3902614 ], [ 2.0999157, 41.3905925 ], [ 2.0999828, 41.390822 ], [ 2.0998815, 41.3911808 ], [ 2.0998669, 41.3916205 ], [ 2.0999, 41.3919125 ], [ 2.0998027, 41.3920657 ], [ 2.0995166, 41.3923258 ], [ 2.0991716, 41.3927662 ], [ 2.0988252, 41.393014 ], [ 2.098595, 41.3931127 ], [ 2.0983673, 41.3931593 ], [ 2.0980297, 41.3932544 ], [ 2.0979186, 41.3933919 ], [ 2.0978719, 41.3939534 ], [ 2.097886, 41.3939715 ], [ 2.0980115, 41.3941332 ], [ 2.0980211, 41.3941415 ], [ 2.098188, 41.394286 ], [ 2.098194, 41.3942943 ], [ 2.0982951, 41.3944343 ], [ 2.0984124, 41.3946643 ], [ 2.0984732, 41.3949023 ], [ 2.0984897, 41.3949181 ], [ 2.0986297, 41.395053 ], [ 2.0990207, 41.395364 ], [ 2.0990208, 41.3953683 ], [ 2.0990251, 41.3955468 ], [ 2.0990018, 41.3957293 ], [ 2.0991996, 41.3960265 ], [ 2.0993681, 41.396247 ], [ 2.0993753, 41.3962521 ], [ 2.0995939, 41.3964061 ], [ 2.0997613, 41.396577 ], [ 2.099762, 41.3965782 ], [ 2.0999932, 41.3969756 ], [ 2.100088, 41.3973281 ], [ 2.1004477, 41.3979566 ], [ 2.1004846, 41.3984862 ], [ 2.1005046, 41.3985476 ], [ 2.1005181, 41.3985551 ], [ 2.1010894, 41.3988707 ], [ 2.1014887, 41.3990102 ], [ 2.1016244, 41.3991065 ], [ 2.1016412, 41.3991242 ], [ 2.1017866, 41.3992761 ], [ 2.1019467, 41.3993609 ], [ 2.1020702, 41.3994545 ], [ 2.1020772, 41.3994648 ], [ 2.1021577, 41.3995824 ], [ 2.1021601, 41.3999139 ], [ 2.1025166, 41.4005203 ], [ 2.1025754, 41.4006513 ], [ 2.1025437, 41.4011204 ], [ 2.1025618, 41.4011204 ], [ 2.102601, 41.4011207 ], [ 2.1027575, 41.4010867 ], [ 2.1028392, 41.4010817 ], [ 2.1029138, 41.4010946 ], [ 2.1029196, 41.4011066 ], [ 2.1029216, 41.4011103 ], [ 2.1029219, 41.4011109 ], [ 2.1029226, 41.4011124 ], [ 2.1030375, 41.4013547 ], [ 2.1031301, 41.4016318 ], [ 2.1031782, 41.4020372 ], [ 2.1032766, 41.4023092 ], [ 2.1034665, 41.402586 ], [ 2.1036963, 41.4029897 ], [ 2.1037685, 41.403213 ], [ 2.1038159, 41.4034826 ], [ 2.1038074, 41.4037352 ], [ 2.103649, 41.4041768 ], [ 2.1034865, 41.404459 ], [ 2.1034047, 41.4045393 ], [ 2.1031724, 41.4046165 ], [ 2.1029383, 41.4047182 ], [ 2.1027179, 41.4048072 ], [ 2.1023686, 41.4048947 ], [ 2.1019532, 41.4049784 ], [ 2.1018216, 41.4051617 ], [ 2.1017352, 41.4053837 ], [ 2.1017236, 41.4059414 ], [ 2.1016614, 41.406354 ], [ 2.1015462, 41.4065191 ], [ 2.1014071, 41.4066536 ], [ 2.1013365, 41.4072028 ], [ 2.1013336, 41.4072614 ], [ 2.1012972, 41.4073179 ], [ 2.1008612, 41.4078297 ], [ 2.1005797, 41.4083539 ], [ 2.1001648, 41.4084074 ], [ 2.0990138, 41.4088262 ], [ 2.098815, 41.4088838 ], [ 2.0981809, 41.4090387 ], [ 2.097794, 41.4091056 ], [ 2.0975252, 41.4090953 ], [ 2.0973592, 41.4090454 ], [ 2.0972206, 41.4089717 ], [ 2.0972148, 41.4089686 ], [ 2.097091, 41.4088044 ], [ 2.0969009, 41.4084634 ], [ 2.0968994, 41.4084607 ], [ 2.0966632, 41.4082301 ], [ 2.096198, 41.407938 ], [ 2.0954873, 41.4077887 ], [ 2.0940376, 41.408008 ], [ 2.0930053, 41.408172 ], [ 2.0924882, 41.4082226 ], [ 2.0918165, 41.4081808 ], [ 2.0914795, 41.4081367 ], [ 2.0907111, 41.4082765 ], [ 2.0897994, 41.4083715 ], [ 2.0886859, 41.4085793 ], [ 2.0874851, 41.4089717 ], [ 2.0871948, 41.4091577 ], [ 2.0869171, 41.4093964 ], [ 2.0865891, 41.4095598 ], [ 2.0863772, 41.4096245 ], [ 2.0859882, 41.4096608 ], [ 2.0855745, 41.4096365 ], [ 2.0853378, 41.4095915 ], [ 2.0853343, 41.4095909 ], [ 2.0850299, 41.4094513 ], [ 2.0846452, 41.4091637 ], [ 2.084217, 41.4088202 ], [ 2.0831333, 41.4079501 ], [ 2.0826622, 41.4074893 ], [ 2.0826479, 41.4074749 ], [ 2.0825228, 41.4072882 ], [ 2.082589, 41.4071664 ], [ 2.0825918, 41.4071612 ], [ 2.0824851, 41.4070839 ], [ 2.0821278, 41.4068822 ], [ 2.0812836, 41.4064827 ], [ 2.0811351, 41.406436 ], [ 2.0809812, 41.4063544 ], [ 2.0809723, 41.4063496 ], [ 2.0809068, 41.4062425 ], [ 2.0809039, 41.4062377 ], [ 2.0808136, 41.406154 ], [ 2.080462, 41.4059609 ], [ 2.0804507, 41.4059547 ], [ 2.0804115, 41.4058734 ], [ 2.0804793, 41.4051663 ], [ 2.0804349, 41.4049919 ], [ 2.0803905, 41.4047971 ], [ 2.0801896, 41.4044968 ], [ 2.080185, 41.4044898 ], [ 2.0798622, 41.4042068 ], [ 2.0794767, 41.4038939 ], [ 2.0790031, 41.4034437 ], [ 2.078846, 41.4033352 ], [ 2.0786912, 41.403255 ], [ 2.0784262, 41.4031698 ], [ 2.0782299, 41.402978 ], [ 2.0780694, 41.402918 ], [ 2.0778854, 41.4028993 ], [ 2.077742, 41.4029122 ], [ 2.0777307, 41.4029132 ], [ 2.076874, 41.4031119 ], [ 2.0764079, 41.403179 ], [ 2.0758509, 41.4032069 ], [ 2.0756026, 41.4031776 ], [ 2.0753427, 41.4031066 ], [ 2.0750406, 41.4029909 ], [ 2.0748084, 41.4028614 ], [ 2.0745629, 41.4031084 ], [ 2.0741199, 41.4034329 ], [ 2.0736603, 41.4037036 ], [ 2.072934, 41.4035317 ], [ 2.0721534, 41.4038707 ], [ 2.0715707, 41.4045685 ], [ 2.0709294, 41.4052294 ], [ 2.0702811, 41.4058073 ], [ 2.0696019, 41.4062917 ], [ 2.0694243, 41.4068673 ], [ 2.0694429, 41.4068793 ], [ 2.0697174, 41.407056 ], [ 2.0704209, 41.4071305 ], [ 2.0713717, 41.407211 ], [ 2.071564, 41.4073017 ], [ 2.0717539, 41.4074784 ], [ 2.0717582, 41.4074844 ], [ 2.0718805, 41.4076555 ], [ 2.0718953, 41.4077387 ], [ 2.0716788, 41.4081814 ], [ 2.0715045, 41.4085555 ], [ 2.0714453, 41.4087473 ], [ 2.0714125, 41.4089738 ], [ 2.0714106, 41.4091115 ], [ 2.0714982, 41.4093794 ], [ 2.0716703, 41.4097615 ], [ 2.0717596, 41.409912 ], [ 2.0719334, 41.4101644 ], [ 2.0719378, 41.4101641 ], [ 2.0719397, 41.4101639 ], [ 2.0727847, 41.4101048 ], [ 2.0729908, 41.4101088 ], [ 2.0731411, 41.4101335 ], [ 2.0733016, 41.41018 ], [ 2.0735701, 41.4103347 ], [ 2.0737325, 41.4104628 ], [ 2.0740633, 41.4106791 ], [ 2.0745914, 41.4109939 ], [ 2.0749524, 41.4111463 ], [ 2.0753292, 41.4112363 ], [ 2.0756813, 41.4112696 ], [ 2.0759489, 41.4112267 ], [ 2.0761324, 41.4111661 ], [ 2.07641, 41.4110252 ], [ 2.0766243, 41.4108275 ], [ 2.0766336, 41.4108522 ], [ 2.0767231, 41.4110905 ], [ 2.0768233, 41.4112586 ], [ 2.0769684, 41.4114189 ], [ 2.0769701, 41.4114199 ], [ 2.0775693, 41.4117575 ], [ 2.0775621, 41.4117616 ], [ 2.0766218, 41.4122919 ], [ 2.0766386, 41.4123096 ], [ 2.0784082, 41.4141533 ], [ 2.0781315, 41.4142842 ], [ 2.0776824, 41.4145765 ], [ 2.0773795, 41.4147232 ], [ 2.0772342, 41.414771 ], [ 2.0770529, 41.4148023 ], [ 2.0767419, 41.4148109 ], [ 2.0766256, 41.4148275 ], [ 2.0765001, 41.4148735 ], [ 2.0762817, 41.4150287 ], [ 2.0761692, 41.4156009 ], [ 2.0761108, 41.4157073 ], [ 2.0759244, 41.4158392 ], [ 2.0755503, 41.4159626 ], [ 2.0751814, 41.4160023 ], [ 2.0744176, 41.4152993 ], [ 2.0740251, 41.415014 ], [ 2.0740195, 41.4150099 ], [ 2.072129, 41.4127202 ], [ 2.0721153, 41.4127035 ], [ 2.0704981, 41.4121771 ], [ 2.0705214, 41.4122314 ], [ 2.0705242, 41.4122378 ], [ 2.0706144, 41.412446 ], [ 2.070695, 41.412636 ], [ 2.0705845, 41.4133258 ], [ 2.0703506, 41.4139475 ], [ 2.0704047, 41.4141874 ], [ 2.071093, 41.4150341 ], [ 2.0710969, 41.4150358 ], [ 2.0728792, 41.415836 ], [ 2.0728961, 41.4158537 ], [ 2.0733956, 41.4163812 ], [ 2.0735822, 41.416578 ], [ 2.0738969, 41.4171045 ], [ 2.0739401, 41.4175431 ], [ 2.0732901, 41.4178598 ], [ 2.0730433, 41.4181545 ], [ 2.0721748, 41.4182053 ], [ 2.0718067, 41.4185799 ], [ 2.0709463, 41.4187403 ], [ 2.0704794, 41.4190323 ], [ 2.0682358, 41.4184977 ], [ 2.0680914, 41.4184633 ], [ 2.0677711, 41.4183768 ], [ 2.0674765, 41.4182604 ], [ 2.06744, 41.4182388 ], [ 2.0673616, 41.4182019 ], [ 2.0673344, 41.4181848 ], [ 2.0672911, 41.4181619 ], [ 2.0672591, 41.4181503 ], [ 2.0671868, 41.4181277 ], [ 2.0671143, 41.4181131 ], [ 2.0669596, 41.4181056 ], [ 2.0669048, 41.4181044 ], [ 2.0668424, 41.4181061 ], [ 2.0657352, 41.4181219 ], [ 2.0649946, 41.4181326 ], [ 2.0642429, 41.4178502 ], [ 2.0642207, 41.4178419 ], [ 2.0649252, 41.4165964 ], [ 2.0648267, 41.4160721 ], [ 2.0647168, 41.4155875 ], [ 2.0642075, 41.414095 ], [ 2.0642053, 41.4140885 ], [ 2.0642006, 41.4140744 ], [ 2.0620557, 41.41343 ], [ 2.0611755, 41.4131665 ], [ 2.0600212, 41.4128388 ], [ 2.0589141, 41.4125283 ], [ 2.0588755, 41.4125175 ], [ 2.0591675, 41.4123655 ], [ 2.0594362, 41.4122185 ], [ 2.0596969, 41.4120618 ], [ 2.0598825, 41.4119208 ], [ 2.0600277, 41.4117733 ], [ 2.0601331, 41.4116056 ], [ 2.0602069, 41.4114476 ], [ 2.0603396, 41.4113366 ], [ 2.0603851, 41.4113009 ], [ 2.0603874, 41.4112991 ], [ 2.0603895, 41.4112973 ], [ 2.0603933, 41.4112942 ], [ 2.0580511, 41.4099752 ], [ 2.0546582, 41.4139698 ], [ 2.0546772, 41.4139849 ], [ 2.0551955, 41.4143941 ], [ 2.055592, 41.4147684 ], [ 2.0555964, 41.4147742 ], [ 2.0560169, 41.4153444 ], [ 2.0564629, 41.4158418 ], [ 2.056891, 41.4164111 ], [ 2.0570499, 41.4174927 ], [ 2.0571485, 41.4179614 ], [ 2.0572119, 41.4181964 ], [ 2.0572314, 41.4183701 ], [ 2.0572074, 41.4184971 ], [ 2.0569843, 41.4188177 ], [ 2.0569034, 41.4190946 ], [ 2.0566797, 41.4195158 ], [ 2.0565637, 41.4202312 ], [ 2.0564114, 41.4204896 ], [ 2.0563628, 41.4206638 ], [ 2.0563626, 41.4207801 ], [ 2.0564108, 41.4209525 ], [ 2.056455, 41.4210385 ], [ 2.0564754, 41.4211379 ], [ 2.0564402, 41.421354 ], [ 2.0563143, 41.4215683 ], [ 2.0560557, 41.4218318 ], [ 2.0557573, 41.4220667 ], [ 2.0555018, 41.4222071 ], [ 2.0552793, 41.4222852 ], [ 2.0548916, 41.4223753 ], [ 2.0546107, 41.4225001 ], [ 2.0545463, 41.4225664 ], [ 2.0545035, 41.4226615 ], [ 2.0545015, 41.4227938 ], [ 2.0539812, 41.4227127 ], [ 2.0538204, 41.4229984 ], [ 2.0535927, 41.4232845 ], [ 2.0533777, 41.4235068 ], [ 2.0531808, 41.4236375 ], [ 2.0530913, 41.423667 ], [ 2.0528983, 41.4236772 ], [ 2.0528319, 41.4237055 ], [ 2.0526799, 41.4238177 ], [ 2.0524512, 41.4240781 ], [ 2.0524709, 41.4240926 ], [ 2.052859, 41.4243793 ], [ 2.0531188, 41.4245622 ], [ 2.0534742, 41.4247178 ], [ 2.0539047, 41.4247929 ], [ 2.0549244, 41.425057 ], [ 2.056536, 41.4256235 ], [ 2.0568802, 41.4257614 ], [ 2.0572677, 41.426001 ], [ 2.0576964, 41.4262072 ], [ 2.0577057, 41.4262212 ], [ 2.0577968, 41.4263592 ], [ 2.0578709, 41.4265528 ], [ 2.0578417, 41.4270897 ], [ 2.0579012, 41.4275646 ], [ 2.0579661, 41.4277999 ], [ 2.0582924, 41.4286344 ], [ 2.0583241, 41.4287686 ], [ 2.0583254, 41.4291105 ], [ 2.0582836, 41.4296376 ], [ 2.0575601, 41.4345965 ], [ 2.0576063, 41.4361312 ], [ 2.0576226, 41.4361317 ], [ 2.0595134, 41.4361845 ], [ 2.0595103, 41.4362017 ], [ 2.0593618, 41.4370201 ], [ 2.0595964, 41.4378914 ], [ 2.0606621, 41.4378641 ], [ 2.0614124, 41.4374299 ], [ 2.0620211, 41.4381676 ], [ 2.0629536, 41.440095 ], [ 2.0635394, 41.4409529 ], [ 2.064043, 41.4420473 ], [ 2.0639579, 41.4424968 ], [ 2.0633007, 41.4435877 ], [ 2.0629072, 41.4435845 ], [ 2.062349, 41.4440895 ], [ 2.0611092, 41.4449207 ], [ 2.0584532, 41.4448625 ], [ 2.0560348, 41.4455118 ], [ 2.0553082, 41.445629 ], [ 2.0544135, 41.4455754 ], [ 2.0536049, 41.4453508 ], [ 2.0526479, 41.4452199 ], [ 2.0512198, 41.4448752 ], [ 2.0498681, 41.4447338 ], [ 2.0478379, 41.4446933 ], [ 2.0471115, 41.4448532 ], [ 2.0465133, 41.4448482 ], [ 2.0443458, 41.4445222 ], [ 2.0435904, 41.444504 ], [ 2.0429434, 41.4446171 ], [ 2.041831, 41.4442524 ], [ 2.0401706, 41.4442265 ], [ 2.0397123, 41.4436253 ], [ 2.0386047, 41.4426828 ], [ 2.0381646, 41.4425014 ], [ 2.0370984, 41.4422694 ], [ 2.0363592, 41.4422277 ], [ 2.0341921, 41.4416906 ], [ 2.032842, 41.4416295 ], [ 2.0328406, 41.4416267 ] ] ] } },
{ "type": "Feature", "properties": { "iden": "GD4", "nom": "Llobregat Sud", "municipis": "14", "color": 83 }, "geometry": { "type": "Polygon", "coordinates": [ [ [ 1.9449112, 41.2636624 ], [ 1.9449941, 41.2636718 ], [ 1.9450312, 41.2636751 ], [ 1.9450666, 41.2636792 ], [ 1.9451018, 41.2636834 ], [ 1.9451403, 41.2636872 ], [ 1.9451788, 41.2636907 ], [ 1.9452272, 41.2636947 ], [ 1.9452756, 41.2636983 ], [ 1.9453162, 41.2637007 ], [ 1.9453567, 41.263703 ], [ 1.9454048, 41.2637074 ], [ 1.9454527, 41.2637117 ], [ 1.9455024, 41.2637139 ], [ 1.9455523, 41.2637161 ], [ 1.9456064, 41.2637198 ], [ 1.9456606, 41.2637235 ], [ 1.9456929, 41.2637249 ], [ 1.9457252, 41.263726 ], [ 1.9457468, 41.2637276 ], [ 1.9457871, 41.2637313 ], [ 1.9458275, 41.2637352 ], [ 1.9458702, 41.2637395 ], [ 1.9459129, 41.2637437 ], [ 1.9459608, 41.2637477 ], [ 1.9460088, 41.2637511 ], [ 1.9461454, 41.263762 ], [ 1.9461859, 41.2637658 ], [ 1.9462258, 41.2637698 ], [ 1.9462656, 41.2637738 ], [ 1.9463473, 41.2637828 ], [ 1.9464289, 41.2637915 ], [ 1.9464858, 41.2637962 ], [ 1.9465429, 41.2638001 ], [ 1.9465825, 41.2638022 ], [ 1.9466221, 41.2638043 ], [ 1.9466358, 41.2638058 ], [ 1.9466493, 41.2638082 ], [ 1.9466765, 41.2638139 ], [ 1.9466946, 41.2638166 ], [ 1.9467051, 41.2638171 ], [ 1.9467235, 41.263817 ], [ 1.9467419, 41.2638163 ], [ 1.9467788, 41.2638143 ], [ 1.9468034, 41.2638135 ], [ 1.9468445, 41.2638131 ], [ 1.9468855, 41.2638135 ], [ 1.9469246, 41.2638148 ], [ 1.9469637, 41.2638166 ], [ 1.9470182, 41.2638195 ], [ 1.9470728, 41.2638224 ], [ 1.9471525, 41.2638269 ], [ 1.9472321, 41.2638317 ], [ 1.9472637, 41.2638345 ], [ 1.9472952, 41.2638378 ], [ 1.9473163, 41.2638393 ], [ 1.9473541, 41.2638407 ], [ 1.9473919, 41.2638416 ], [ 1.9474346, 41.263842 ], [ 1.947477, 41.2638428 ], [ 1.9475166, 41.2638451 ], [ 1.9475561, 41.2638482 ], [ 1.9476349, 41.2638555 ], [ 1.9477138, 41.2638638 ], [ 1.9477926, 41.2638718 ], [ 1.9478346, 41.2638744 ], [ 1.9478766, 41.263877 ], [ 1.9478811, 41.2638775 ], [ 1.9479143, 41.2638807 ], [ 1.947952, 41.2638843 ], [ 1.9479941, 41.2638876 ], [ 1.9480362, 41.2638908 ], [ 1.9480757, 41.2638942 ], [ 1.9481154, 41.2638973 ], [ 1.948135, 41.2638983 ], [ 1.9481546, 41.2638987 ], [ 1.9481938, 41.2638987 ], [ 1.9482472, 41.2638987 ], [ 1.9483006, 41.2638986 ], [ 1.9483247, 41.2638981 ], [ 1.9483489, 41.2638976 ], [ 1.9483746, 41.263898 ], [ 1.9484004, 41.2638993 ], [ 1.9484517, 41.2639034 ], [ 1.9484776, 41.2639068 ], [ 1.9485034, 41.2639108 ], [ 1.9485207, 41.2639123 ], [ 1.9485574, 41.2639136 ], [ 1.9485941, 41.2639145 ], [ 1.9486309, 41.263915 ], [ 1.9486676, 41.263916 ], [ 1.9487151, 41.2639191 ], [ 1.9487625, 41.2639223 ], [ 1.9488119, 41.2639255 ], [ 1.9488612, 41.2639284 ], [ 1.948946, 41.2639326 ], [ 1.9490307, 41.2639362 ], [ 1.9491027, 41.2639393 ], [ 1.949238, 41.2639423 ], [ 1.9493008, 41.2639432 ], [ 1.9496972, 41.2639727 ], [ 1.9500935, 41.2640023 ], [ 1.9501361, 41.264005 ], [ 1.9502109, 41.2640081 ], [ 1.9504356, 41.2640133 ], [ 1.95065, 41.2640223 ], [ 1.9507572, 41.2640265 ], [ 1.9508646, 41.2640291 ], [ 1.9510654, 41.2640304 ], [ 1.9512663, 41.2640308 ], [ 1.9514517, 41.2640312 ], [ 1.9516372, 41.2640319 ], [ 1.951723, 41.264033 ], [ 1.9518518, 41.2640366 ], [ 1.9519805, 41.2640408 ], [ 1.9521603, 41.2640475 ], [ 1.9523401, 41.2640542 ], [ 1.9524368, 41.2640563 ], [ 1.9525818, 41.2640577 ], [ 1.9526544, 41.2640589 ], [ 1.9527268, 41.2640612 ], [ 1.9528286, 41.2640666 ], [ 1.9529808, 41.2640765 ], [ 1.9530569, 41.2640814 ], [ 1.9531331, 41.2640857 ], [ 1.9532961, 41.2640932 ], [ 1.9533776, 41.2640969 ], [ 1.953459, 41.2641012 ], [ 1.953625, 41.264112 ], [ 1.9537909, 41.2641233 ], [ 1.9539863, 41.2641361 ], [ 1.9540841, 41.2641417 ], [ 1.9541819, 41.2641458 ], [ 1.9542739, 41.2641477 ], [ 1.954412, 41.2641485 ], [ 1.9545501, 41.2641498 ], [ 1.954776, 41.2641539 ], [ 1.9550019, 41.264158 ], [ 1.9551401, 41.2641721 ], [ 1.9552781, 41.2641861 ], [ 1.9553087, 41.2641887 ], [ 1.9553394, 41.2641906 ], [ 1.955401, 41.2641924 ], [ 1.9555245, 41.2641925 ], [ 1.9556494, 41.2641919 ], [ 1.9557743, 41.2641917 ], [ 1.9559186, 41.2641925 ], [ 1.956063, 41.2641933 ], [ 1.9561281, 41.2641938 ], [ 1.9561931, 41.2641943 ], [ 1.9562435, 41.2641937 ], [ 1.9562939, 41.2641926 ], [ 1.9563276, 41.2641927 ], [ 1.9563771, 41.2641936 ], [ 1.9564267, 41.2641948 ], [ 1.9564809, 41.264196 ], [ 1.956535, 41.2641973 ], [ 1.956583, 41.2641976 ], [ 1.956631, 41.2641978 ], [ 1.9566628, 41.2641991 ], [ 1.9567846, 41.2642072 ], [ 1.9569062, 41.2642154 ], [ 1.9569612, 41.264219 ], [ 1.9570163, 41.2642227 ], [ 1.9570679, 41.2642257 ], [ 1.9571196, 41.2642283 ], [ 1.9571618, 41.26423 ], [ 1.957204, 41.2642306 ], [ 1.9572322, 41.2642297 ], [ 1.9573014, 41.2642256 ], [ 1.9573705, 41.2642214 ], [ 1.9574257, 41.2642179 ], [ 1.9574808, 41.2642145 ], [ 1.9575065, 41.2642133 ], [ 1.9575321, 41.2642127 ], [ 1.9575835, 41.2642125 ], [ 1.9576564, 41.2642131 ], [ 1.9577292, 41.2642136 ], [ 1.9577968, 41.264214 ], [ 1.9578644, 41.2642144 ], [ 1.9578916, 41.2642151 ], [ 1.9579188, 41.2642163 ], [ 1.9579731, 41.2642198 ], [ 1.9580243, 41.264224 ], [ 1.9580753, 41.2642284 ], [ 1.9581094, 41.2642302 ], [ 1.9581657, 41.2642318 ], [ 1.9582222, 41.2642331 ], [ 1.9582902, 41.2642347 ], [ 1.9583582, 41.2642362 ], [ 1.9584127, 41.2642371 ], [ 1.9584671, 41.264238 ], [ 1.958556, 41.2642403 ], [ 1.958645, 41.2642426 ], [ 1.9587043, 41.2642434 ], [ 1.9587522, 41.2642432 ], [ 1.9588, 41.2642429 ], [ 1.958942, 41.2642419 ], [ 1.9590087, 41.2642431 ], [ 1.9590754, 41.264245 ], [ 1.9591373, 41.2642469 ], [ 1.9591991, 41.2642484 ], [ 1.9592403, 41.2642479 ], [ 1.9593917, 41.2642433 ], [ 1.9595432, 41.2642386 ], [ 1.9596497, 41.2642363 ], [ 1.9597562, 41.264234 ], [ 1.959796, 41.2642336 ], [ 1.9598357, 41.2642337 ], [ 1.9599152, 41.2642353 ], [ 1.9599682, 41.2642373 ], [ 1.9600388, 41.2642407 ], [ 1.960133, 41.2642457 ], [ 1.9602585, 41.2642516 ], [ 1.9603303, 41.2642537 ], [ 1.9604795, 41.2642565 ], [ 1.9606287, 41.2642586 ], [ 1.9607281, 41.2642592 ], [ 1.9608324, 41.2642591 ], [ 1.9609365, 41.2642584 ], [ 1.9611448, 41.2642557 ], [ 1.9612259, 41.2642539 ], [ 1.9613069, 41.2642516 ], [ 1.961469, 41.2642465 ], [ 1.9615769, 41.2642441 ], [ 1.9616659, 41.264243 ], [ 1.9617548, 41.2642425 ], [ 1.9619328, 41.2642431 ], [ 1.9620513, 41.2642442 ], [ 1.9621209, 41.2642457 ], [ 1.9621904, 41.2642478 ], [ 1.9623295, 41.2642528 ], [ 1.9624221, 41.264255 ], [ 1.9624751, 41.2642554 ], [ 1.9625811, 41.264255 ], [ 1.9626872, 41.2642541 ], [ 1.9628993, 41.2642518 ], [ 1.9630407, 41.2642508 ], [ 1.9633994, 41.2642523 ], [ 1.9635189, 41.2642518 ], [ 2.001633, 41.2643849 ], [ 2.0016837, 41.2643891 ], [ 2.001719, 41.2643914 ], [ 2.0017543, 41.2643929 ], [ 2.0018251, 41.2643966 ], [ 2.00186, 41.2643995 ], [ 2.0018949, 41.2644024 ], [ 2.0019635, 41.2644066 ], [ 2.0020322, 41.2644109 ], [ 2.0020849, 41.2644146 ], [ 2.0021376, 41.2644185 ], [ 2.0022406, 41.2644276 ], [ 2.0023439, 41.2644367 ], [ 2.0023937, 41.2644401 ], [ 2.0024437, 41.2644428 ], [ 2.0024968, 41.264445 ], [ 2.0026268, 41.2644516 ], [ 2.0027347, 41.264463 ], [ 2.0037387, 41.2645498 ], [ 2.0044461, 41.2645918 ], [ 2.0046909, 41.2646063 ], [ 2.0049252, 41.2646168 ], [ 2.0051819, 41.2646259 ], [ 2.005494, 41.2646302 ], [ 2.0055231, 41.264634 ], [ 2.0055813, 41.2646473 ], [ 2.0056754, 41.2646597 ], [ 2.005822, 41.2646634 ], [ 2.0059727, 41.2646398 ], [ 2.0060486, 41.2646462 ], [ 2.0061491, 41.2646679 ], [ 2.0063496, 41.2646786 ], [ 2.006592, 41.2646816 ], [ 2.0068387, 41.2646879 ], [ 2.0072613, 41.2647355 ], [ 2.0076511, 41.2647819 ], [ 2.0079785, 41.2648281 ], [ 2.0081079, 41.2648418 ], [ 2.0084149, 41.264856 ], [ 2.0085018, 41.2648651 ], [ 2.0086493, 41.264885 ], [ 2.0087767, 41.2648948 ], [ 2.0091082, 41.2649208 ], [ 2.0092718, 41.2649301 ], [ 2.0094515, 41.2649311 ], [ 2.0095258, 41.2649268 ], [ 2.0096291, 41.2649405 ], [ 2.0096768, 41.2649469 ], [ 2.0098654, 41.2649528 ], [ 2.0100528, 41.2649564 ], [ 2.0102903, 41.2649806 ], [ 2.0103906, 41.2649613 ], [ 2.0104696, 41.2649713 ], [ 2.0105262, 41.2649845 ], [ 2.0106235, 41.2649885 ], [ 2.0107096, 41.2649964 ], [ 2.0108414, 41.26499 ], [ 2.0108931, 41.2649935 ], [ 2.0110485, 41.2650104 ], [ 2.0111115, 41.2650167 ], [ 2.0112857, 41.2650397 ], [ 2.0113785, 41.2650413 ], [ 2.0115707, 41.2650321 ], [ 2.0117435, 41.2650545 ], [ 2.0118497, 41.2650557 ], [ 2.0118932, 41.2650546 ], [ 2.01201, 41.2650584 ], [ 2.0121392, 41.2650716 ], [ 2.0122592, 41.2650886 ], [ 2.0124045, 41.2651058 ], [ 2.0126331, 41.265114 ], [ 2.0126947, 41.2651195 ], [ 2.012789, 41.2651225 ], [ 2.0128928, 41.2651252 ], [ 2.0129328, 41.2651462 ], [ 2.0131299, 41.2651717 ], [ 2.0132733, 41.2651999 ], [ 2.0134717, 41.2652203 ], [ 2.0136776, 41.2652438 ], [ 2.0138501, 41.2652591 ], [ 2.0141285, 41.2652899 ], [ 2.0144062, 41.2653252 ], [ 2.014618, 41.2653517 ], [ 2.0148296, 41.2653797 ], [ 2.0149311, 41.2653977 ], [ 2.0150986, 41.2654335 ], [ 2.0157129, 41.2655035 ], [ 2.0158592, 41.2655196 ], [ 2.0161855, 41.2655724 ], [ 2.0163493, 41.2655815 ], [ 2.0166745, 41.2656154 ], [ 2.0168587, 41.2656273 ], [ 2.0170728, 41.2656517 ], [ 2.0172797, 41.2656642 ], [ 2.017401, 41.2656885 ], [ 2.0175036, 41.2657193 ], [ 2.01779, 41.2657582 ], [ 2.0178633, 41.2657682 ], [ 2.0181574, 41.2657725 ], [ 2.0187104, 41.2658154 ], [ 2.0189603, 41.2658436 ], [ 2.0190586, 41.2658611 ], [ 2.0191993, 41.2658687 ], [ 2.019649, 41.2658776 ], [ 2.0199268, 41.2659025 ], [ 2.0202206, 41.2659409 ], [ 2.0202915, 41.265952 ], [ 2.0203854, 41.2659583 ], [ 2.0206059, 41.2659871 ], [ 2.0207711, 41.2660038 ], [ 2.0209223, 41.2660096 ], [ 2.0211275, 41.2660169 ], [ 2.0214056, 41.2660614 ], [ 2.0215657, 41.2660705 ], [ 2.0217685, 41.2660769 ], [ 2.0219548, 41.2661023 ], [ 2.0224403, 41.2661794 ], [ 2.0226474, 41.2661951 ], [ 2.0229277, 41.2662354 ], [ 2.0230862, 41.2662649 ], [ 2.0232129, 41.2662765 ], [ 2.0238168, 41.2663721 ], [ 2.0242921, 41.2664218 ], [ 2.0244513, 41.2664479 ], [ 2.0248116, 41.2664883 ], [ 2.0250436, 41.2665439 ], [ 2.0252031, 41.2665623 ], [ 2.0255449, 41.2665749 ], [ 2.0258305, 41.2666256 ], [ 2.0259964, 41.2666618 ], [ 2.0263289, 41.2666761 ], [ 2.0264467, 41.2667015 ], [ 2.0265398, 41.2667433 ], [ 2.0265851, 41.2667461 ], [ 2.0266672, 41.266737 ], [ 2.027003, 41.2667503 ], [ 2.0272011, 41.2667758 ], [ 2.0276073, 41.2668365 ], [ 2.027954, 41.2669412 ], [ 2.0280507, 41.2669581 ], [ 2.028423, 41.2670436 ], [ 2.0287541, 41.2671008 ], [ 2.0291629, 41.2671795 ], [ 2.0295747, 41.2672602 ], [ 2.0296938, 41.2672764 ], [ 2.0297709, 41.2672738 ], [ 2.0298336, 41.2672772 ], [ 2.0299655, 41.2673103 ], [ 2.0301548, 41.2673323 ], [ 2.0302197, 41.2673358 ], [ 2.0302769, 41.2673495 ], [ 2.0303517, 41.267363 ], [ 2.030577, 41.2673978 ], [ 2.0313639, 41.2675815 ], [ 2.0315576, 41.2676139 ], [ 2.0317599, 41.2676609 ], [ 2.0320128, 41.2676995 ], [ 2.0321405, 41.267737 ], [ 2.0324205, 41.2677538 ], [ 2.0325483, 41.2677702 ], [ 2.0326688, 41.267793 ], [ 2.0328255, 41.2678095 ], [ 2.0330259, 41.2678405 ], [ 2.0331232, 41.2678639 ], [ 2.0332161, 41.2678939 ], [ 2.0333591, 41.267921 ], [ 2.0336739, 41.2679571 ], [ 2.0339051, 41.2680153 ], [ 2.0343489, 41.2681116 ], [ 2.0344821, 41.2681334 ], [ 2.0347185, 41.2681934 ], [ 2.0349565, 41.2682343 ], [ 2.0353233, 41.2682883 ], [ 2.0355935, 41.2683386 ], [ 2.0357822, 41.2683823 ], [ 2.0360332, 41.2684219 ], [ 2.0364501, 41.2685082 ], [ 2.0366357, 41.2685542 ], [ 2.0371335, 41.2686604 ], [ 2.037522, 41.2687527 ], [ 2.037913, 41.2688456 ], [ 2.0382746, 41.2689231 ], [ 2.038347, 41.2689604 ], [ 2.0385473, 41.2690039 ], [ 2.0391397, 41.2691183 ], [ 2.0392851, 41.2691518 ], [ 2.0394517, 41.2691805 ], [ 2.039903, 41.2692692 ], [ 2.0400929, 41.2693143 ], [ 2.0406886, 41.2694216 ], [ 2.0410036, 41.2694721 ], [ 2.0410857, 41.2694929 ], [ 2.0412717, 41.2695281 ], [ 2.0416489, 41.2696253 ], [ 2.0420751, 41.2696949 ], [ 2.0424669, 41.2697667 ], [ 2.0427762, 41.2698334 ], [ 2.0433321, 41.2699603 ], [ 2.0434727, 41.2699484 ], [ 2.0438831, 41.2700295 ], [ 2.0441914, 41.2700839 ], [ 2.0446644, 41.2701898 ], [ 2.0447529, 41.2702054 ], [ 2.0449004, 41.2702432 ], [ 2.0450659, 41.2702713 ], [ 2.0451751, 41.2702802 ], [ 2.045706, 41.2703657 ], [ 2.0459363, 41.2704255 ], [ 2.0474325, 41.2707021 ], [ 2.0481958, 41.2707361 ], [ 2.0483092, 41.2704346 ], [ 2.0488493, 41.2708236 ], [ 2.0500443, 41.2712175 ], [ 2.0553747, 41.2724144 ], [ 2.0654881, 41.2749395 ], [ 2.0703472, 41.2760767 ], [ 2.0723772, 41.2765868 ], [ 2.0739631, 41.2768039 ], [ 2.0741221, 41.2766834 ], [ 2.0743909, 41.2768811 ], [ 2.0746246, 41.276883 ], [ 2.0747268, 41.2766057 ], [ 2.0751722, 41.2770213 ], [ 2.0779267, 41.2777843 ], [ 2.0825266, 41.2792481 ], [ 2.0879265, 41.2807728 ], [ 2.0982119, 41.2842299 ], [ 2.1024167, 41.2853618 ], [ 2.1058295, 41.2866191 ], [ 2.1084583, 41.28796 ], [ 2.1132803, 41.2894261 ], [ 2.1168216, 41.2910983 ], [ 2.1186267, 41.2921548 ], [ 2.1281071, 41.2960076 ], [ 2.1320329, 41.2971059 ], [ 2.1362694, 41.2972759 ], [ 2.1372388, 41.2954395 ], [ 2.137589, 41.2930271 ], [ 2.1380279, 41.2929928 ], [ 2.1457501, 41.2947943 ], [ 2.1467963, 41.2946128 ], [ 2.1478677, 41.294536 ], [ 2.1490041, 41.2945344 ], [ 2.1504433, 41.2946298 ], [ 2.1515971, 41.2948177 ], [ 2.153413, 41.2954141 ], [ 2.154093, 41.2959722 ], [ 2.1557301, 41.2971154 ], [ 2.1665583, 41.3079793 ], [ 2.1675295, 41.3092945 ], [ 2.1679513, 41.3103542 ], [ 2.1680507, 41.3114934 ], [ 2.1678443, 41.3125678 ], [ 2.1660979, 41.3179687 ], [ 2.1647657, 41.3177644 ], [ 2.164982, 41.3170967 ], [ 2.1665728, 41.3123187 ], [ 2.1667479, 41.311418 ], [ 2.1666332, 41.310539 ], [ 2.165767, 41.3093555 ], [ 2.1544731, 41.2981197 ], [ 2.1535188, 41.297374 ], [ 2.152309, 41.2966963 ], [ 2.1509892, 41.2961864 ], [ 2.1494437, 41.2958377 ], [ 2.1464129, 41.2958443 ], [ 2.1463994, 41.295693 ], [ 2.1450846, 41.2959798 ], [ 2.1432397, 41.2967048 ], [ 2.1423134, 41.2973667 ], [ 2.1401396, 41.2990605 ], [ 2.1569579, 41.3153764 ], [ 2.151783, 41.3180231 ], [ 2.1531442, 41.3196709 ], [ 2.1505516, 41.3198622 ], [ 2.1323173, 41.3212058 ], [ 2.1300785, 41.3214381 ], [ 2.1284578, 41.321606 ], [ 2.1267819, 41.3218647 ], [ 2.1239901, 41.3223952 ], [ 2.1206425, 41.3230929 ], [ 2.1165088, 41.324228 ], [ 2.1142029, 41.3254348 ], [ 2.1129883, 41.327296 ], [ 2.1103693, 41.3302251 ], [ 2.1103039, 41.3302238 ], [ 2.1091117, 41.3311895 ], [ 2.1083762, 41.3320275 ], [ 2.1072242, 41.3330535 ], [ 2.106016, 41.3340579 ], [ 2.1037128, 41.3353586 ], [ 2.1032026, 41.3355248 ], [ 2.1023034, 41.3359361 ], [ 2.1014698, 41.3364244 ], [ 2.1008382, 41.3360261 ], [ 2.1002824, 41.3363688 ], [ 2.0985248, 41.3374523 ], [ 2.0971194, 41.3382909 ], [ 2.0966389, 41.3385587 ], [ 2.0956507, 41.339065 ], [ 2.0942476, 41.3396653 ], [ 2.0922118, 41.3405456 ], [ 2.0906092, 41.3415883 ], [ 2.0884435, 41.3428728 ], [ 2.0865471, 41.3446337 ], [ 2.08595, 41.3450903 ], [ 2.085864, 41.3451561 ], [ 2.0856705, 41.3452631 ], [ 2.0851931, 41.3454221 ], [ 2.0824425, 41.3459689 ], [ 2.0809921, 41.3464003 ], [ 2.0800583, 41.3468728 ], [ 2.0787927, 41.3478416 ], [ 2.0784016, 41.348141 ], [ 2.0778672, 41.3483532 ], [ 2.0778049, 41.3483696 ], [ 2.0774627, 41.3484594 ], [ 2.0769578, 41.3484868 ], [ 2.0765878, 41.3484161 ], [ 2.0761837, 41.3482514 ], [ 2.0759065, 41.3480872 ], [ 2.0725242, 41.3453711 ], [ 2.071587, 41.3451944 ], [ 2.0711843, 41.3450747 ], [ 2.0701808, 41.3447763 ], [ 2.06755, 41.3448934 ], [ 2.0675396, 41.3450627 ], [ 2.0670562, 41.3452141 ], [ 2.0667173, 41.3453698 ], [ 2.0664423, 41.3454784 ], [ 2.0661881, 41.3455873 ], [ 2.0657444, 41.3457262 ], [ 2.0654054, 41.3458819 ], [ 2.065109, 41.3460063 ], [ 2.064855, 41.3461152 ], [ 2.0646008, 41.3462398 ], [ 2.0643677, 41.3463488 ], [ 2.063863, 41.3465067 ], [ 2.0635633, 41.3466909 ], [ 2.0630808, 41.346903 ], [ 2.0625674, 41.3471204 ], [ 2.0625054, 41.3471467 ], [ 2.0615737, 41.3474985 ], [ 2.0606191, 41.3479233 ], [ 2.0597627, 41.348237 ], [ 2.0591667, 41.3484154 ], [ 2.0586479, 41.3485258 ], [ 2.0580521, 41.3487041 ], [ 2.0573348, 41.3488586 ], [ 2.0566346, 41.3488852 ], [ 2.0557568, 41.348911 ], [ 2.0549872, 41.3489257 ], [ 2.0547932, 41.3489294 ], [ 2.0538518, 41.3485733 ], [ 2.0533753, 41.3483567 ], [ 2.0520727, 41.3477644 ], [ 2.0515702, 41.3476511 ], [ 2.0512911, 41.3475921 ], [ 2.0511123, 41.3475576 ], [ 2.0506859, 41.3474755 ], [ 2.0506843, 41.3474752 ], [ 2.0493703, 41.3474887 ], [ 2.0480591, 41.3477093 ], [ 2.0476402, 41.3479852 ], [ 2.0472236, 41.3484845 ], [ 2.0466449, 41.349031 ], [ 2.0463901, 41.3492768 ], [ 2.0460968, 41.3495599 ], [ 2.0455921, 41.3501965 ], [ 2.0457719, 41.3509603 ], [ 2.0458422, 41.352451 ], [ 2.0458402, 41.3524793 ], [ 2.0457465, 41.3538288 ], [ 2.0456443, 41.3537769 ], [ 2.0454999, 41.3536745 ], [ 2.0452746, 41.3535146 ], [ 2.0449773, 41.3533179 ], [ 2.0447679, 41.3531373 ], [ 2.0443714, 41.3528416 ], [ 2.0414095, 41.3506573 ], [ 2.0408459, 41.3502383 ], [ 2.0399602, 41.3498787 ], [ 2.0389596, 41.3503826 ], [ 2.0381537, 41.3510598 ], [ 2.0376255, 41.3515616 ], [ 2.0371219, 41.3519822 ], [ 2.0368352, 41.3522928 ], [ 2.0367051, 41.3525545 ], [ 2.0362333, 41.3538417 ], [ 2.0362323, 41.3538724 ], [ 2.0362262, 41.3540514 ], [ 2.0362456, 41.3542996 ], [ 2.0362462, 41.3545019 ], [ 2.0362727, 41.3549273 ], [ 2.0363084, 41.3557095 ], [ 2.0363415, 41.3560127 ], [ 2.0433725, 41.358712 ], [ 2.0438513, 41.3588958 ], [ 2.0451056, 41.3593784 ], [ 2.0474416, 41.3602639 ], [ 2.0479783, 41.360258 ], [ 2.0479879, 41.3602592 ], [ 2.0486215, 41.3603352 ], [ 2.0485506, 41.3609762 ], [ 2.048491, 41.3616047 ], [ 2.0484788, 41.3617509 ], [ 2.0478198, 41.3621225 ], [ 2.0473405, 41.3628179 ], [ 2.0470978, 41.3633719 ], [ 2.0468899, 41.3638419 ], [ 2.0465713, 41.3642374 ], [ 2.046051, 41.3646795 ], [ 2.0453723, 41.3652636 ], [ 2.0449407, 41.3657402 ], [ 2.0444424, 41.3662078 ], [ 2.0441788, 41.366471 ], [ 2.0439415, 41.3666543 ], [ 2.0436718, 41.3667701 ], [ 2.0432796, 41.366851 ], [ 2.0429435, 41.3669156 ], [ 2.0423284, 41.366961 ], [ 2.0414659, 41.3671224 ], [ 2.0406143, 41.3672922 ], [ 2.0402098, 41.3674573 ], [ 2.039658, 41.3677559 ], [ 2.0390259, 41.3680139 ], [ 2.0384068, 41.3683289 ], [ 2.0378331, 41.3685936 ], [ 2.0375076, 41.3687089 ], [ 2.0372812, 41.3689092 ], [ 2.0369626, 41.3693024 ], [ 2.0366101, 41.3697207 ], [ 2.0361899, 41.370189 ], [ 2.0359279, 41.3705258 ], [ 2.0355422, 41.3709185 ], [ 2.035079, 41.3712768 ], [ 2.0330154, 41.372632 ], [ 2.0310113, 41.3736735 ], [ 2.0283023, 41.3787759 ], [ 2.0267954, 41.3801413 ], [ 2.0261355, 41.3818066 ], [ 2.0259457, 41.3832372 ], [ 2.0261198, 41.3832702 ], [ 2.0261109, 41.3838691 ], [ 2.0254248, 41.3850433 ], [ 2.0239684, 41.3859002 ], [ 2.0207469, 41.389048 ], [ 2.019822, 41.3914018 ], [ 2.0200706, 41.3924865 ], [ 2.0205906, 41.3931405 ], [ 2.0208899, 41.3937926 ], [ 2.0209689, 41.3944119 ], [ 2.0204879, 41.3957539 ], [ 2.0204589, 41.3962555 ], [ 2.0198495, 41.3967686 ], [ 2.0191337, 41.3972159 ], [ 2.0170919, 41.3982296 ], [ 2.0166457, 41.3985351 ], [ 2.0162419, 41.3989647 ], [ 2.0156074, 41.4000418 ], [ 2.0155008, 41.4012472 ], [ 2.0152136, 41.4027294 ], [ 2.0148504, 41.4033758 ], [ 2.0131811, 41.4057123 ], [ 2.0127218, 41.4068836 ], [ 2.0116633, 41.4080618 ], [ 2.011381, 41.4082536 ], [ 2.0110068, 41.4088334 ], [ 2.0102864, 41.409572 ], [ 2.0098166, 41.4105097 ], [ 2.0098129, 41.4112865 ], [ 2.0096831, 41.4113703 ], [ 2.0095534, 41.4114542 ], [ 2.0094785, 41.4114934 ], [ 2.0093547, 41.4115398 ], [ 2.0092324, 41.4115888 ], [ 2.0090726, 41.411673 ], [ 2.0089235, 41.411769 ], [ 2.0087936, 41.4118795 ], [ 2.0086812, 41.4120005 ], [ 2.0085051, 41.4122243 ], [ 2.0083587, 41.4124603 ], [ 2.0082403, 41.4127283 ], [ 2.0081988, 41.4128647 ], [ 2.0081694, 41.4130031 ], [ 2.0081437, 41.4132503 ], [ 2.0081436, 41.4134971 ], [ 2.0081806, 41.4137327 ], [ 2.0082013, 41.4138504 ], [ 2.0082073, 41.4139682 ], [ 2.0081949, 41.4140891 ], [ 2.0081725, 41.41421 ], [ 2.0081395, 41.4143371 ], [ 2.0081088, 41.4144643 ], [ 2.0080887, 41.4146038 ], [ 2.0080786, 41.4147438 ], [ 2.008076, 41.4150347 ], [ 2.0080711, 41.4153255 ], [ 2.008038, 41.4161015 ], [ 2.0080195, 41.4163155 ], [ 2.0079809, 41.4165225 ], [ 2.0079422, 41.4167295 ], [ 2.0077062, 41.417192 ], [ 2.00747, 41.4176545 ], [ 2.0070975, 41.4183667 ], [ 2.006718, 41.4190768 ], [ 2.0064021, 41.4196448 ], [ 2.0060867, 41.4202132 ], [ 2.0059661, 41.4204685 ], [ 2.0058604, 41.4207192 ], [ 2.0057598, 41.4209712 ], [ 2.0056899, 41.4211549 ], [ 2.0056274, 41.421319 ], [ 2.0067298, 41.4217051 ], [ 2.0076368, 41.421735 ], [ 2.0079565, 41.4216727 ], [ 2.0085167, 41.4220991 ], [ 2.0080024, 41.423874 ], [ 2.0083411, 41.4239576 ], [ 2.0082186, 41.4242569 ], [ 2.0094147, 41.4252522 ], [ 2.0171298, 41.4278498 ], [ 2.018244, 41.4271521 ], [ 2.0183466, 41.4284697 ], [ 2.0193098, 41.4288897 ], [ 2.0190551, 41.4302 ], [ 2.0209362, 41.4301879 ], [ 2.0217794, 41.4301117 ], [ 2.0225218, 41.4300782 ], [ 2.0229738, 41.4300928 ], [ 2.0235474, 41.4302284 ], [ 2.0241583, 41.430484 ], [ 2.0247212, 41.4308021 ], [ 2.0250686, 41.4310815 ], [ 2.0254723, 41.4316453 ], [ 2.025974, 41.4322745 ], [ 2.0264228, 41.4326692 ], [ 2.0267814, 41.4328763 ], [ 2.0278581, 41.4332427 ], [ 2.0281517, 41.4335517 ], [ 2.028174, 41.4339812 ], [ 2.0282706, 41.4343302 ], [ 2.0286684, 41.4351568 ], [ 2.0289181, 41.4355759 ], [ 2.0293735, 41.4360676 ], [ 2.0297812, 41.4364729 ], [ 2.0298744, 41.4366306 ], [ 2.0299294, 41.4369888 ], [ 2.0300023, 41.437314 ], [ 2.0301888, 41.4375421 ], [ 2.0320156, 41.4386406 ], [ 2.0326416, 41.4390431 ], [ 2.0328075, 41.4392095 ], [ 2.0328044, 41.4394878 ], [ 2.0326551, 41.4401014 ], [ 2.0326843, 41.4403538 ], [ 2.032839, 41.4408178 ], [ 2.0329459, 41.4412927 ], [ 2.0328957, 41.4415863 ], [ 2.0328406, 41.4416267 ], [ 2.0319214, 41.4422992 ], [ 2.0313766, 41.4427946 ], [ 2.0313054, 41.4429769 ], [ 2.031217, 41.4436755 ], [ 2.0312323, 41.4438741 ], [ 2.0313723, 41.444225 ], [ 2.0314277, 41.4444652 ], [ 2.0313913, 41.4447975 ], [ 2.031269, 41.445279 ], [ 2.0311312, 41.4455572 ], [ 2.0308156, 41.445809 ], [ 2.0304049, 41.4460402 ], [ 2.0300134, 41.4461875 ], [ 2.0294365, 41.4462755 ], [ 2.0286526, 41.4463363 ], [ 2.0283521, 41.4463647 ], [ 2.0271615, 41.4467032 ], [ 2.0271012, 41.4467585 ], [ 2.0267682, 41.4476522 ], [ 2.0266259, 41.447869 ], [ 2.0262415, 41.4482354 ], [ 2.0259929, 41.4485223 ], [ 2.025602, 41.4491638 ], [ 2.025503, 41.4493389 ], [ 2.0250972, 41.4499282 ], [ 2.0244788, 41.450826 ], [ 2.0241341, 41.4513264 ], [ 2.0243351, 41.451521 ], [ 2.0245189, 41.4517439 ], [ 2.0246081, 41.4520362 ], [ 2.0246251, 41.452477 ], [ 2.0245618, 41.4528822 ], [ 2.0244509, 41.453207 ], [ 2.0241704, 41.4536449 ], [ 2.0238753, 41.4540573 ], [ 2.0237138, 41.4543223 ], [ 2.0234615, 41.4548878 ], [ 2.0233723, 41.4551007 ], [ 2.0228657, 41.457639 ], [ 2.0218562, 41.4577251 ], [ 2.0208813, 41.4579103 ], [ 2.0200856, 41.4583595 ], [ 2.0197466, 41.4584663 ], [ 2.018813, 41.4584499 ], [ 2.0181592, 41.4584277 ], [ 2.0175023, 41.4584468 ], [ 2.0169392, 41.4586689 ], [ 2.0164259, 41.4588631 ], [ 2.0159375, 41.4589437 ], [ 2.0155855, 41.458904 ], [ 2.0147911, 41.4585866 ], [ 2.0139719, 41.4582391 ], [ 2.0136307, 41.4581428 ], [ 2.0130121, 41.4582838 ], [ 2.0126181, 41.4583804 ], [ 2.0123709, 41.4583597 ], [ 2.0113265, 41.4579673 ], [ 2.0111601, 41.4578395 ], [ 2.0104785, 41.4568143 ], [ 2.0056225, 41.4583619 ], [ 1.9997555, 41.4602499 ], [ 1.9994238, 41.4600388 ], [ 1.9991882, 41.4598652 ], [ 1.9990745, 41.4597511 ], [ 1.9989909, 41.4595196 ], [ 1.9989944, 41.4592441 ], [ 1.999116, 41.4588646 ], [ 1.9995303, 41.4582585 ], [ 2.0006007, 41.4570764 ], [ 2.0007911, 41.4568607 ], [ 2.0009232, 41.4566293 ], [ 2.0009675, 41.4563486 ], [ 2.000906, 41.4560625 ], [ 2.0007586, 41.4558749 ], [ 2.0004636, 41.4555838 ], [ 2.00007, 41.4551397 ], [ 1.9997185, 41.4547718 ], [ 1.9994574, 41.4545558 ], [ 1.9990686, 41.4543013 ], [ 1.9985022, 41.4539834 ], [ 1.997701, 41.453602 ], [ 1.9972591, 41.4533524 ], [ 1.9969142, 41.4530993 ], [ 1.9966756, 41.4528489 ], [ 1.9959103, 41.4519831 ], [ 1.9957153, 41.4516707 ], [ 1.9955841, 41.4513667 ], [ 1.9954671, 41.4509105 ], [ 1.995416, 41.450451 ], [ 1.9954146, 41.4500509 ], [ 1.9954346, 41.4496013 ], [ 1.9955076, 41.4490323 ], [ 1.9956165, 41.4484692 ], [ 1.9956762, 41.4481605 ], [ 1.9957187, 41.4479407 ], [ 1.9960389, 41.4411882 ], [ 1.9954331, 41.4375401 ], [ 1.9945008, 41.4364765 ], [ 1.9933873, 41.4368841 ], [ 1.9926207, 41.4373094 ], [ 1.9922954, 41.4375907 ], [ 1.9906809, 41.4389446 ], [ 1.9891759, 41.4397936 ], [ 1.9874486, 41.4375847 ], [ 1.9864297, 41.4363841 ], [ 1.9869995, 41.4359642 ], [ 1.9870816, 41.4358754 ], [ 1.9871011, 41.4358426 ], [ 1.9871062, 41.4358069 ], [ 1.9870935, 41.4357122 ], [ 1.9870676, 41.4356175 ], [ 1.9870161, 41.4354723 ], [ 1.9869597, 41.4353287 ], [ 1.9868975, 41.4351932 ], [ 1.9868183, 41.4350616 ], [ 1.9867676, 41.4350018 ], [ 1.9866731, 41.4349239 ], [ 1.9865632, 41.4348547 ], [ 1.9864038, 41.4347711 ], [ 1.9862306, 41.4347093 ], [ 1.9859967, 41.4346569 ], [ 1.9857584, 41.4346217 ], [ 1.9854689, 41.4345918 ], [ 1.9851785, 41.4345762 ], [ 1.9848981, 41.4345757 ], [ 1.9846181, 41.4345878 ], [ 1.984203, 41.4346192 ], [ 1.9837879, 41.4346513 ], [ 1.9826652, 41.4347395 ], [ 1.9818218, 41.4343296 ], [ 1.9816526, 41.4342458 ], [ 1.9814771, 41.4341704 ], [ 1.9810189, 41.4340167 ], [ 1.979812, 41.4336108 ], [ 1.9796938, 41.4335683 ], [ 1.9795837, 41.4335157 ], [ 1.9793827, 41.4333978 ], [ 1.978708, 41.4333494 ], [ 1.9781869, 41.4333295 ], [ 1.9779462, 41.4332848 ], [ 1.9777302, 41.4332429 ], [ 1.9775193, 41.4331897 ], [ 1.9770548, 41.4330261 ], [ 1.9764253, 41.4327986 ], [ 1.9757036, 41.4325549 ], [ 1.9753507, 41.4324432 ], [ 1.9749892, 41.43235 ], [ 1.9742332, 41.4321914 ], [ 1.972943, 41.4304427 ], [ 1.9727057, 41.4297365 ], [ 1.9724503, 41.4284518 ], [ 1.9710115, 41.4278652 ], [ 1.968862, 41.427847 ], [ 1.9685309, 41.4270904 ], [ 1.9683399, 41.4266453 ], [ 1.9682663, 41.4264787 ], [ 1.9681818, 41.4263144 ], [ 1.9680854, 41.4261976 ], [ 1.9679674, 41.4260906 ], [ 1.9678447, 41.4259806 ], [ 1.9677104, 41.4258782 ], [ 1.9675627, 41.4257944 ], [ 1.9674003, 41.4257296 ], [ 1.9672289, 41.4256749 ], [ 1.9665815, 41.4255051 ], [ 1.9665072, 41.4254848 ], [ 1.9664347, 41.4254604 ], [ 1.9663913, 41.4254389 ], [ 1.966353, 41.4254125 ], [ 1.9659269, 41.4250857 ], [ 1.9656321, 41.4248493 ], [ 1.9655236, 41.4247609 ], [ 1.9654222, 41.4246654 ], [ 1.9653658, 41.4245881 ], [ 1.9653168, 41.4244623 ], [ 1.9652914, 41.4243322 ], [ 1.9652156, 41.423828 ], [ 1.9651921, 41.423687 ], [ 1.9651665, 41.4235462 ], [ 1.9651169, 41.4233922 ], [ 1.9650401, 41.4232427 ], [ 1.9649575, 41.4231112 ], [ 1.9648486, 41.4229938 ], [ 1.9647246, 41.4228916 ], [ 1.9646007, 41.4227894 ], [ 1.9626017, 41.4216842 ], [ 1.9620568, 41.4215398 ], [ 1.9591338, 41.4209639 ], [ 1.9584156, 41.4205946 ], [ 1.9572549, 41.4202818 ], [ 1.956133, 41.4196474 ], [ 1.9546633, 41.4198431 ], [ 1.9534196, 41.4198781 ], [ 1.9533034, 41.4199743 ], [ 1.9531873, 41.4200705 ], [ 1.9530548, 41.420155 ], [ 1.9529081, 41.4202276 ], [ 1.9527685, 41.4202958 ], [ 1.952626, 41.4203607 ], [ 1.9524748, 41.420421 ], [ 1.9523166, 41.4204721 ], [ 1.9521408, 41.4205153 ], [ 1.9519605, 41.4205367 ], [ 1.9518113, 41.4205423 ], [ 1.9516621, 41.4205478 ], [ 1.9461797, 41.4208854 ], [ 1.9456799, 41.4208836 ], [ 1.9453303, 41.4179928 ], [ 1.9436849, 41.4182913 ], [ 1.9415051, 41.4186787 ], [ 1.9398585, 41.4186058 ], [ 1.9381103, 41.4176127 ], [ 1.9375608, 41.417387 ], [ 1.937337, 41.4157703 ], [ 1.9369641, 41.4151212 ], [ 1.9360345, 41.4147134 ], [ 1.933499, 41.4139478 ], [ 1.931946, 41.4133296 ], [ 1.929046, 41.411748 ], [ 1.9280158, 41.4110291 ], [ 1.9267333, 41.4098096 ], [ 1.9257427, 41.4091212 ], [ 1.9234561, 41.4080282 ], [ 1.9225587, 41.4077633 ], [ 1.9220628, 41.4074567 ], [ 1.9215501, 41.4069539 ], [ 1.9194619, 41.4059985 ], [ 1.9161058, 41.4049482 ], [ 1.9109217, 41.4039527 ], [ 1.9076621, 41.403816 ], [ 1.9064686, 41.4038666 ], [ 1.904611, 41.4042827 ], [ 1.9038657, 41.4045855 ], [ 1.9016239, 41.4058346 ], [ 1.8990932, 41.406966 ], [ 1.8981201, 41.4069567 ], [ 1.8958256, 41.4066014 ], [ 1.8939677, 41.4065835 ], [ 1.8925333, 41.4068239 ], [ 1.8915435, 41.4074364 ], [ 1.8899059, 41.4079718 ], [ 1.8890656, 41.4081237 ], [ 1.8869994, 41.4081925 ], [ 1.8848188, 41.4079036 ], [ 1.8832854, 41.4065958 ], [ 1.8831209, 41.4060602 ], [ 1.8828089, 41.4056975 ], [ 1.8811148, 41.4051279 ], [ 1.8803352, 41.4050222 ], [ 1.8793849, 41.4047513 ], [ 1.8781115, 41.4039134 ], [ 1.877341, 41.4032737 ], [ 1.8772592, 41.4029894 ], [ 1.8773156, 41.402227 ], [ 1.8770245, 41.4014941 ], [ 1.8754579, 41.3986107 ], [ 1.8745213, 41.3970214 ], [ 1.8744736, 41.395095 ], [ 1.8772828, 41.3904648 ], [ 1.8774943, 41.3903493 ], [ 1.8778499, 41.3894094 ], [ 1.8781263, 41.3891133 ], [ 1.8786235, 41.3889384 ], [ 1.8788877, 41.388941 ], [ 1.8792158, 41.3890812 ], [ 1.8797284, 41.3901049 ], [ 1.8803033, 41.3903673 ], [ 1.8806531, 41.390345 ], [ 1.8810323, 41.3901717 ], [ 1.8819377, 41.3894667 ], [ 1.8823923, 41.3893499 ], [ 1.8837155, 41.3894192 ], [ 1.8879105, 41.389768 ], [ 1.8911648, 41.3901627 ], [ 1.8936865, 41.3901951 ], [ 1.8953281, 41.3903238 ], [ 1.8994346, 41.3908739 ], [ 1.9021442, 41.3914772 ], [ 1.9038775, 41.3916508 ], [ 1.9047576, 41.3915546 ], [ 1.9057272, 41.3912977 ], [ 1.906816, 41.3908114 ], [ 1.9077219, 41.3902574 ], [ 1.9083259, 41.3897772 ], [ 1.9100291, 41.3895817 ], [ 1.9130396, 41.3895102 ], [ 1.9165243, 41.3891431 ], [ 1.9176559, 41.3889011 ], [ 1.9184786, 41.3889088 ], [ 1.9192669, 41.3891458 ], [ 1.9199887, 41.3897267 ], [ 1.9208803, 41.3910514 ], [ 1.9213848, 41.3926571 ], [ 1.921778, 41.3929609 ], [ 1.9231398, 41.393574 ], [ 1.9265865, 41.3939064 ], [ 1.9272912, 41.394113 ], [ 1.9279036, 41.3945524 ], [ 1.9277941, 41.3950576 ], [ 1.9257756, 41.3966601 ], [ 1.9265259, 41.3969515 ], [ 1.9313856, 41.3984542 ], [ 1.9334342, 41.3983489 ], [ 1.9350193, 41.3980969 ], [ 1.9388592, 41.3971552 ], [ 1.9403768, 41.3963688 ], [ 1.9418076, 41.3954814 ], [ 1.9428383, 41.3946905 ], [ 1.9435176, 41.3937295 ], [ 1.9451626, 41.3905259 ], [ 1.9461817, 41.387717 ], [ 1.9477644, 41.3848108 ], [ 1.9491305, 41.3806506 ], [ 1.9492861, 41.3788524 ], [ 1.9487491, 41.3773758 ], [ 1.9488048, 41.3768949 ], [ 1.9487073, 41.3762777 ], [ 1.9489745, 41.3757041 ], [ 1.9498767, 41.3748525 ], [ 1.9501421, 41.3740959 ], [ 1.9505122, 41.3699203 ], [ 1.9506327, 41.3695286 ], [ 1.9516692, 41.3685284 ], [ 1.9535891, 41.3676326 ], [ 1.9534207, 41.3675969 ], [ 1.9532189, 41.3675149 ], [ 1.9530546, 41.3674105 ], [ 1.952879, 41.3672397 ], [ 1.952408, 41.3667328 ], [ 1.9519021, 41.3662032 ], [ 1.9511525, 41.3654254 ], [ 1.950326, 41.364566 ], [ 1.9495655, 41.3637552 ], [ 1.9494213, 41.3635822 ], [ 1.9492883, 41.3634096 ], [ 1.9491455, 41.3632083 ], [ 1.9489702, 41.3629357 ], [ 1.948799, 41.3626493 ], [ 1.9484656, 41.3620295 ], [ 1.947971, 41.3610857 ], [ 1.9474966, 41.3601912 ], [ 1.9471616, 41.359547 ], [ 1.9470547, 41.3593033 ], [ 1.9468569, 41.3587828 ], [ 1.9466682, 41.3583182 ], [ 1.9463349, 41.3575925 ], [ 1.9459046, 41.35666 ], [ 1.9456029, 41.3560147 ], [ 1.9453755, 41.3555112 ], [ 1.9452916, 41.3552585 ], [ 1.9452304, 41.3549747 ], [ 1.9452083, 41.3547299 ], [ 1.9452158, 41.3545134 ], [ 1.9452566, 41.3542951 ], [ 1.9453112, 41.354171 ], [ 1.9452893, 41.3540227 ], [ 1.9459774, 41.3533849 ], [ 1.9464518, 41.3530249 ], [ 1.9468128, 41.3526713 ], [ 1.9469731, 41.3524481 ], [ 1.9469835, 41.352085 ], [ 1.946788, 41.3517565 ], [ 1.9466384, 41.3515333 ], [ 1.9465492, 41.3513433 ], [ 1.9464685, 41.3510187 ], [ 1.9463946, 41.350798 ], [ 1.9460799, 41.3504404 ], [ 1.9459113, 41.3503461 ], [ 1.945604, 41.3501941 ], [ 1.9452423, 41.3500579 ], [ 1.944864, 41.3499498 ], [ 1.9447139, 41.3499128 ], [ 1.9444555, 41.3498681 ], [ 1.944259, 41.3498482 ], [ 1.944106, 41.3498455 ], [ 1.9439505, 41.3498508 ], [ 1.9437951, 41.3498607 ], [ 1.9434873, 41.3498906 ], [ 1.9432845, 41.3499147 ], [ 1.9429062, 41.3499741 ], [ 1.9426643, 41.3500184 ], [ 1.9422534, 41.3501058 ], [ 1.9420032, 41.3501609 ], [ 1.9416719, 41.3502296 ], [ 1.9415083, 41.3502571 ], [ 1.941343, 41.350278 ], [ 1.9410111, 41.3503168 ], [ 1.9407605, 41.3503573 ], [ 1.9405031, 41.350411 ], [ 1.9403679, 41.3504463 ], [ 1.9402208, 41.3504917 ], [ 1.9400776, 41.3505426 ], [ 1.9399838, 41.3505787 ], [ 1.939715, 41.3506906 ], [ 1.9395737, 41.350755 ], [ 1.9394814, 41.3508006 ], [ 1.939379, 41.3508561 ], [ 1.9392795, 41.3509144 ], [ 1.9390836, 41.351034 ], [ 1.9389504, 41.3511111 ], [ 1.9388717, 41.3511524 ], [ 1.9386803, 41.3512449 ], [ 1.9384859, 41.3513342 ], [ 1.938357, 41.3513906 ], [ 1.9381515, 41.3514699 ], [ 1.9380768, 41.3514924 ], [ 1.9379572, 41.3515162 ], [ 1.9378718, 41.3515217 ], [ 1.9376054, 41.3515219 ], [ 1.9366971, 41.3513877 ], [ 1.9348972, 41.3512295 ], [ 1.9335794, 41.3510477 ], [ 1.932384, 41.3506963 ], [ 1.9313265, 41.3504811 ], [ 1.9305569, 41.3504113 ], [ 1.9297665, 41.3504478 ], [ 1.9291618, 41.3505231 ], [ 1.9285751, 41.3505578 ], [ 1.9281349, 41.3505364 ], [ 1.9277544, 41.3504698 ], [ 1.927479, 41.3504782 ], [ 1.924565, 41.3515476 ], [ 1.9203592, 41.3521158 ], [ 1.9117943, 41.3544505 ], [ 1.911039, 41.3556767 ], [ 1.910859, 41.3554885 ], [ 1.9108047, 41.3552554 ], [ 1.9107827, 41.3547305 ], [ 1.9108241, 41.3544139 ], [ 1.9109192, 41.3540862 ], [ 1.9109188, 41.3537921 ], [ 1.9107384, 41.3534523 ], [ 1.9102648, 41.3531638 ], [ 1.9086834, 41.3529289 ], [ 1.9069764, 41.3527794 ], [ 1.9066051, 41.3527671 ], [ 1.9062159, 41.3528227 ], [ 1.9059767, 41.3529667 ], [ 1.9035338, 41.3548761 ], [ 1.901809, 41.3548533 ], [ 1.9009495, 41.3547944 ], [ 1.9004946, 41.3549357 ], [ 1.8996752, 41.3555486 ], [ 1.8989557, 41.3550784 ], [ 1.8978525, 41.3542203 ], [ 1.8967789, 41.3533419 ], [ 1.8964154, 41.3526396 ], [ 1.8960938, 41.3519171 ], [ 1.8958625, 41.351403 ], [ 1.8951102, 41.3509914 ], [ 1.894454, 41.3506933 ], [ 1.8937621, 41.3504833 ], [ 1.892765, 41.3504918 ], [ 1.8920823, 41.3504468 ], [ 1.8917526, 41.3502468 ], [ 1.8912759, 41.3498225 ], [ 1.8906165, 41.3493569 ], [ 1.890445, 41.3488678 ], [ 1.8903245, 41.348363 ], [ 1.8901053, 41.3479846 ], [ 1.8896259, 41.3477322 ], [ 1.8886733, 41.3474309 ], [ 1.887703, 41.3471793 ], [ 1.8867621, 41.3467309 ], [ 1.8859111, 41.3462287 ], [ 1.8851557, 41.3456135 ], [ 1.8844971, 41.3456432 ], [ 1.8840537, 41.3454496 ], [ 1.8835083, 41.3450251 ], [ 1.8830464, 41.344474 ], [ 1.8827014, 41.3439596 ], [ 1.8824554, 41.3436874 ], [ 1.8820869, 41.3435212 ], [ 1.881572, 41.3435559 ], [ 1.8809736, 41.343769 ], [ 1.8803391, 41.343973 ], [ 1.8798212, 41.3440348 ], [ 1.8788093, 41.3440138 ], [ 1.8776805, 41.3438769 ], [ 1.8766115, 41.3437494 ], [ 1.8757852, 41.3437786 ], [ 1.8752466, 41.3439489 ], [ 1.8746303, 41.3442298 ], [ 1.874241, 41.3442399 ], [ 1.8735764, 41.3441565 ], [ 1.8727198, 41.3439368 ], [ 1.8721088, 41.3437224 ], [ 1.8716174, 41.3434336 ], [ 1.8703802, 41.342697 ], [ 1.8698437, 41.3422429 ], [ 1.8697295, 41.3419168 ], [ 1.8697861, 41.3416636 ], [ 1.8699743, 41.3413204 ], [ 1.8703478, 41.3407673 ], [ 1.8707271, 41.3401374 ], [ 1.870948, 41.3396246 ], [ 1.871064, 41.3390187 ], [ 1.8711292, 41.3384285 ], [ 1.8649316, 41.3351818 ], [ 1.8638833, 41.3346583 ], [ 1.8628949, 41.3342368 ], [ 1.8623949, 41.3341198 ], [ 1.8620475, 41.3339786 ], [ 1.8614066, 41.3336916 ], [ 1.861116, 41.3334961 ], [ 1.8610439, 41.3332267 ], [ 1.860816, 41.3329161 ], [ 1.86025, 41.332609 ], [ 1.8599382, 41.3322461 ], [ 1.8600037, 41.3318527 ], [ 1.8600363, 41.3315248 ], [ 1.859922, 41.3310924 ], [ 1.8601012, 41.3307264 ], [ 1.8602805, 41.3304217 ], [ 1.8603939, 41.3301167 ], [ 1.8601842, 41.3299735 ], [ 1.8598996, 41.3297419 ], [ 1.8597976, 41.3294588 ], [ 1.8596297, 41.3292253 ], [ 1.8592166, 41.3291833 ], [ 1.8590073, 41.3293319 ], [ 1.8587169, 41.3294305 ], [ 1.8584503, 41.3292126 ], [ 1.8581389, 41.3290442 ], [ 1.8577945, 41.3288531 ], [ 1.8578091, 41.3286021 ], [ 1.8579255, 41.3281862 ], [ 1.8577545, 41.3278305 ], [ 1.857428, 41.3275784 ], [ 1.85682, 41.3272598 ], [ 1.8561072, 41.3267668 ], [ 1.8520954, 41.3196399 ], [ 1.8509994, 41.3189103 ], [ 1.8495929, 41.3190099 ], [ 1.8478632, 41.3191062 ], [ 1.8494811, 41.3178672 ], [ 1.8502456, 41.3161482 ], [ 1.847842, 41.3123358 ], [ 1.848144, 41.3088872 ], [ 1.8469274, 41.307008 ], [ 1.8466694, 41.3061295 ], [ 1.8461243, 41.3056934 ], [ 1.8514672, 41.3016366 ], [ 1.8521818, 41.3011616 ], [ 1.8542153, 41.3004351 ], [ 1.8544903, 41.3001939 ], [ 1.8544872, 41.3000536 ], [ 1.8543343, 41.2997116 ], [ 1.8540617, 41.2994235 ], [ 1.8539387, 41.2990634 ], [ 1.8544677, 41.2984702 ], [ 1.8547008, 41.2983396 ], [ 1.8549941, 41.2983654 ], [ 1.8553233, 41.2985181 ], [ 1.8557962, 41.2986508 ], [ 1.8561431, 41.2986112 ], [ 1.8565169, 41.2984698 ], [ 1.8577995, 41.2976007 ], [ 1.8581793, 41.2974707 ], [ 1.858622, 41.2974199 ], [ 1.8589003, 41.2975542 ], [ 1.8590292, 41.2977582 ], [ 1.8590714, 41.2980501 ], [ 1.8591975, 41.2984781 ], [ 1.8593356, 41.2988291 ], [ 1.8595331, 41.298961 ], [ 1.8598802, 41.2989213 ], [ 1.8603645, 41.2987215 ], [ 1.8607531, 41.2984557 ], [ 1.8610101, 41.2981286 ], [ 1.8610964, 41.2976696 ], [ 1.8612364, 41.2971883 ], [ 1.8613048, 41.2967835 ], [ 1.861466, 41.2964492 ], [ 1.8616542, 41.2962123 ], [ 1.8618962, 41.2960004 ], [ 1.862252, 41.2958319 ], [ 1.8631434, 41.2956718 ], [ 1.8636757, 41.2956214 ], [ 1.8643459, 41.2955941 ], [ 1.8692256, 41.2959528 ], [ 1.8725424, 41.2929271 ], [ 1.872224, 41.2919805 ], [ 1.8718374, 41.2914704 ], [ 1.8716547, 41.2912346 ], [ 1.8712954, 41.2910051 ], [ 1.8708165, 41.2908271 ], [ 1.8689403, 41.2808707 ], [ 1.8689044, 41.2807802 ], [ 1.8693259, 41.2806479 ], [ 1.8700823, 41.2804216 ], [ 1.8706771, 41.2801158 ], [ 1.8710682, 41.2795854 ], [ 1.8711691, 41.2790179 ], [ 1.8711832, 41.2783845 ], [ 1.8719407, 41.2788619 ], [ 1.8731582, 41.2791415 ], [ 1.8742168, 41.2789388 ], [ 1.8739773, 41.2788536 ], [ 1.8614811, 41.2709663 ], [ 1.8633854, 41.2699312 ], [ 1.8620006, 41.2699265 ], [ 1.8595886, 41.2692631 ], [ 1.858096, 41.2692754 ], [ 1.8571118, 41.2695719 ], [ 1.856002, 41.270912 ], [ 1.8550725, 41.2714972 ], [ 1.8538205, 41.2714037 ], [ 1.8520074, 41.2719892 ], [ 1.8493166, 41.2722416 ], [ 1.8476102, 41.2721885 ], [ 1.844688, 41.2713485 ], [ 1.8442393, 41.2710648 ], [ 1.843471, 41.2699491 ], [ 1.8431587, 41.268703 ], [ 1.842934, 41.2685836 ], [ 1.8396142, 41.2679557 ], [ 1.8368329, 41.2679366 ], [ 1.8367915, 41.2662248 ], [ 1.8378399, 41.2643257 ], [ 1.8377564, 41.2636493 ], [ 1.8356924, 41.2602236 ], [ 1.8274719, 41.2599871 ], [ 1.8257733, 41.2588529 ], [ 1.818696, 41.2561232 ], [ 1.8161165, 41.2561959 ], [ 1.8138367, 41.2555329 ], [ 1.8112298, 41.2538216 ], [ 1.8020435, 41.249664 ], [ 1.8013955, 41.2491978 ], [ 1.799727, 41.2464511 ], [ 1.7988572, 41.2457215 ], [ 1.7970047, 41.2445673 ], [ 1.7945606, 41.2444336 ], [ 1.7939688, 41.2441662 ], [ 1.793551, 41.2428737 ], [ 1.7932239, 41.242492 ], [ 1.7901917, 41.2412531 ], [ 1.7881521, 41.2373134 ], [ 1.7873253, 41.2349177 ], [ 1.7872331, 41.2334484 ], [ 1.786896, 41.2329675 ], [ 1.786206, 41.2328521 ], [ 1.7852475, 41.2330672 ], [ 1.7813521, 41.2346474 ], [ 1.7802996, 41.2354199 ], [ 1.7793858, 41.2370767 ], [ 1.776315, 41.2385754 ], [ 1.7750195, 41.2395705 ], [ 1.774288, 41.2397609 ], [ 1.7727133, 41.2390956 ], [ 1.7711824, 41.2380073 ], [ 1.7697875, 41.2366683 ], [ 1.7677766, 41.2338184 ], [ 1.765588, 41.2334527 ], [ 1.7643334, 41.2329078 ], [ 1.7630274, 41.23193 ], [ 1.7618981, 41.2298011 ], [ 1.7594345, 41.2269462 ], [ 1.7586816, 41.224488 ], [ 1.7585831, 41.2208659 ], [ 1.7580241, 41.2195177 ], [ 1.762073, 41.219264 ], [ 1.7621377, 41.2189945 ], [ 1.7632742, 41.2188265 ], [ 1.7638493, 41.2193281 ], [ 1.7653763, 41.219966 ], [ 1.7672139, 41.2199407 ], [ 1.7679346, 41.2196782 ], [ 1.7684629, 41.2201342 ], [ 1.7682755, 41.2205826 ], [ 1.7691474, 41.2211684 ], [ 1.7712807, 41.2212813 ], [ 1.7713495, 41.2207956 ], [ 1.772768, 41.2208558 ], [ 1.773698, 41.2221628 ], [ 1.7791669, 41.2238241 ], [ 1.7826667, 41.2236 ], [ 1.7832723, 41.223111 ], [ 1.784449, 41.2233486 ], [ 1.784801, 41.2236676 ], [ 1.7884021, 41.2244171 ], [ 1.7887142, 41.2236638 ], [ 1.7894188, 41.2236261 ], [ 1.7895356, 41.2237625 ], [ 1.7891252, 41.2240194 ], [ 1.7892856, 41.2243814 ], [ 1.7900568, 41.2246147 ], [ 1.7903625, 41.2242125 ], [ 1.7900113, 41.2238485 ], [ 1.7901353, 41.2235886 ], [ 1.7907195, 41.2242613 ], [ 1.790649, 41.2248461 ], [ 1.7901025, 41.2253718 ], [ 1.7915323, 41.226774 ], [ 1.7927048, 41.2272457 ], [ 1.7933228, 41.2267297 ], [ 1.7929444, 41.2265456 ], [ 1.7930905, 41.226385 ], [ 1.7942942, 41.2271091 ], [ 1.7941727, 41.2272249 ], [ 1.793654, 41.2268862 ], [ 1.7933148, 41.227162 ], [ 1.7932706, 41.2276209 ], [ 1.7936308, 41.2281471 ], [ 1.7943557, 41.2283078 ], [ 1.7943876, 41.2285153 ], [ 1.7956033, 41.2292396 ], [ 1.79621, 41.229336 ], [ 1.7969489, 41.2287312 ], [ 1.7971854, 41.2288508 ], [ 1.7966923, 41.2297104 ], [ 1.7971639, 41.2300216 ], [ 1.7998783, 41.2310047 ], [ 1.8003292, 41.2304869 ], [ 1.8004941, 41.2306058 ], [ 1.8000794, 41.2310969 ], [ 1.8004329, 41.2313437 ], [ 1.8012846, 41.2317489 ], [ 1.8038734, 41.2324244 ], [ 1.8044134, 41.2316013 ], [ 1.8045196, 41.2316655 ], [ 1.8041592, 41.2324544 ], [ 1.8048786, 41.2329213 ], [ 1.8071823, 41.2335307 ], [ 1.8075638, 41.2328951 ], [ 1.807765, 41.2329872 ], [ 1.8073482, 41.2335954 ], [ 1.8089619, 41.2340985 ], [ 1.8096157, 41.2342314 ], [ 1.8104644, 41.2341501 ], [ 1.8104722, 41.2337178 ], [ 1.8106259, 41.2338005 ], [ 1.8106684, 41.2340892 ], [ 1.8113245, 41.2340958 ], [ 1.8115672, 41.2338732 ], [ 1.8116214, 41.2335134 ], [ 1.8114247, 41.2331781 ], [ 1.8126226, 41.2342353 ], [ 1.8148724, 41.2352043 ], [ 1.8150293, 41.2357644 ], [ 1.8159176, 41.2361339 ], [ 1.8218407, 41.2358884 ], [ 1.8228872, 41.2354217 ], [ 1.8230364, 41.2330812 ], [ 1.8267689, 41.2332093 ], [ 1.8268798, 41.2336878 ], [ 1.8232665, 41.233561 ], [ 1.8232956, 41.2346061 ], [ 1.8270283, 41.2347252 ], [ 1.8281336, 41.2343041 ], [ 1.8283688, 41.2338291 ], [ 1.8282603, 41.2332245 ], [ 1.8253522, 41.2323662 ], [ 1.8257042, 41.2320275 ], [ 1.8288354, 41.2330952 ], [ 1.8286931, 41.2350484 ], [ 1.8290821, 41.2353136 ], [ 1.8291852, 41.2362244 ], [ 1.8306076, 41.2367613 ], [ 1.8312484, 41.2362904 ], [ 1.8319373, 41.2364686 ], [ 1.8321717, 41.2360386 ], [ 1.8383222, 41.2357495 ], [ 1.8392507, 41.2352004 ], [ 1.8406929, 41.235296 ], [ 1.8411523, 41.2349583 ], [ 1.8416661, 41.2349185 ], [ 1.8428626, 41.2354078 ], [ 1.8437821, 41.235372 ], [ 1.8439671, 41.2350316 ], [ 1.8457455, 41.2350044 ], [ 1.8464421, 41.2347501 ], [ 1.8470085, 41.2351071 ], [ 1.8491888, 41.2353001 ], [ 1.8497631, 41.2352157 ], [ 1.8513284, 41.2344117 ], [ 1.8517757, 41.2347584 ], [ 1.8521239, 41.2346358 ], [ 1.8530984, 41.2348617 ], [ 1.8541432, 41.2344847 ], [ 1.8550037, 41.2344032 ], [ 1.8557404, 41.2345817 ], [ 1.8560333, 41.2348909 ], [ 1.8569967, 41.2350716 ], [ 1.8577393, 41.2356014 ], [ 1.8578526, 41.2359448 ], [ 1.8606593, 41.2358014 ], [ 1.8622587, 41.2364657 ], [ 1.8630415, 41.2374283 ], [ 1.8627514, 41.2376416 ], [ 1.863312, 41.2390343 ], [ 1.864552, 41.2397852 ], [ 1.8652499, 41.2394498 ], [ 1.8653202, 41.2388379 ], [ 1.8658354, 41.2387169 ], [ 1.865822, 41.2394914 ], [ 1.8663985, 41.2392809 ], [ 1.8677773, 41.2396008 ], [ 1.8690077, 41.2381356 ], [ 1.8674186, 41.2368679 ], [ 1.8677684, 41.2366552 ], [ 1.8694148, 41.2380585 ], [ 1.8681838, 41.2395597 ], [ 1.8687445, 41.2402588 ], [ 1.870162, 41.2411014 ], [ 1.8704409, 41.2415365 ], [ 1.8704305, 41.2421399 ], [ 1.8711711, 41.2427958 ], [ 1.8719705, 41.2428036 ], [ 1.8725365, 41.2432055 ], [ 1.8748319, 41.2436603 ], [ 1.8753384, 41.2440526 ], [ 1.8813994, 41.2455437 ], [ 1.8827762, 41.2459895 ], [ 1.8839055, 41.2469552 ], [ 1.8853374, 41.2469691 ], [ 1.8861386, 41.2475804 ], [ 1.8867114, 41.2475859 ], [ 1.8871015, 41.2478059 ], [ 1.8889392, 41.2478236 ], [ 1.8916385, 41.2484171 ], [ 1.8933467, 41.249037 ], [ 1.8952993, 41.2493169 ], [ 1.8964376, 41.2497602 ], [ 1.897584, 41.2497262 ], [ 1.898843, 41.2500895 ], [ 1.8995824, 41.2508352 ], [ 1.9003194, 41.2510134 ], [ 1.9011296, 41.2511022 ], [ 1.9019329, 41.2508847 ], [ 1.9027622, 41.2512529 ], [ 1.9023166, 41.2514919 ], [ 1.9018911, 41.2512446 ], [ 1.9013403, 41.2513474 ], [ 1.9022394, 41.2518244 ], [ 1.9022784, 41.2516356 ], [ 1.9024569, 41.2516643 ], [ 1.9024882, 41.2519349 ], [ 1.9033585, 41.2519972 ], [ 1.9034465, 41.2517278 ], [ 1.9023919, 41.2491326 ], [ 1.9027981, 41.2491094 ], [ 1.9040437, 41.2524181 ], [ 1.9049901, 41.2529225 ], [ 1.9051926, 41.2536631 ], [ 1.9055442, 41.2540537 ], [ 1.9072922, 41.2544486 ], [ 1.9081901, 41.2550066 ], [ 1.9107307, 41.2551117 ], [ 1.9127233, 41.2558781 ], [ 1.9142849, 41.256001 ], [ 1.9163053, 41.2565425 ], [ 1.9170271, 41.2569276 ], [ 1.9187976, 41.2574126 ], [ 1.9196717, 41.2579703 ], [ 1.9209355, 41.2580632 ], [ 1.9216541, 41.2586464 ], [ 1.9223797, 41.2587973 ], [ 1.9225901, 41.2590695 ], [ 1.92314, 41.2590206 ], [ 1.9238749, 41.2586132 ], [ 1.9240207, 41.2584524 ], [ 1.9236699, 41.2580077 ], [ 1.9247841, 41.2584865 ], [ 1.9253005, 41.2583022 ], [ 1.9254147, 41.2578889 ], [ 1.9247646, 41.2574955 ], [ 1.9248747, 41.2573344 ], [ 1.9257373, 41.2578649 ], [ 1.9256921, 41.258441 ], [ 1.9254048, 41.2584923 ], [ 1.9252929, 41.2587615 ], [ 1.9250069, 41.2587318 ], [ 1.9247711, 41.2592791 ], [ 1.9260759, 41.2597867 ], [ 1.926476, 41.2594121 ], [ 1.9267136, 41.2587477 ], [ 1.9273692, 41.2588078 ], [ 1.926838, 41.2599019 ], [ 1.9298795, 41.2607858 ], [ 1.9305216, 41.2594767 ], [ 1.9267969, 41.2580369 ], [ 1.9268367, 41.257794 ], [ 1.9255025, 41.2568989 ], [ 1.9244545, 41.256754 ], [ 1.9245315, 41.2564214 ], [ 1.9256882, 41.2564953 ], [ 1.9273852, 41.2578261 ], [ 1.9307768, 41.2591998 ], [ 1.9313683, 41.258791 ], [ 1.9316511, 41.2590188 ], [ 1.9310949, 41.259455 ], [ 1.930578, 41.260405 ], [ 1.9307874, 41.2607402 ], [ 1.9323743, 41.2615206 ], [ 1.9385357, 41.2628927 ], [ 1.9449112, 41.2636624 ] ] ] } },
{ "type": "Feature", "properties": { "iden": "GD5", "nom": "Besòs", "municipis": "24", "color": 84 }, "geometry": { "type": "Polygon", "coordinates": [ [ [ 2.425016, 41.5197389 ], [ 2.4244011, 41.5212377 ], [ 2.4237233, 41.5224693 ], [ 2.4234675, 41.5231246 ], [ 2.4227749, 41.5270864 ], [ 2.4226821, 41.5284747 ], [ 2.4228464, 41.5296629 ], [ 2.4228208, 41.530103 ], [ 2.422709, 41.5304774 ], [ 2.4215797, 41.5321653 ], [ 2.4207208, 41.5333353 ], [ 2.4196601, 41.5354816 ], [ 2.4161225, 41.541197 ], [ 2.419142, 41.5419511 ], [ 2.4204972, 41.5453352 ], [ 2.4227319, 41.5466974 ], [ 2.4254458, 41.5489484 ], [ 2.4256706, 41.5505011 ], [ 2.4255681, 41.5508574 ], [ 2.4252017, 41.5560366 ], [ 2.4248357, 41.5585668 ], [ 2.4241309, 41.5614734 ], [ 2.4233548, 41.5639821 ], [ 2.4246404, 41.5645641 ], [ 2.4268281, 41.5680437 ], [ 2.425095, 41.5701556 ], [ 2.4255219, 41.5726876 ], [ 2.4225818, 41.5743933 ], [ 2.4204088, 41.5736105 ], [ 2.416456, 41.5767945 ], [ 2.4209465, 41.5761624 ], [ 2.4303265, 41.5790624 ], [ 2.4356328, 41.577732 ], [ 2.4482495, 41.5810673 ], [ 2.4564124, 41.5801973 ], [ 2.4644767, 41.5878278 ], [ 2.4651973, 41.5880947 ], [ 2.4656515, 41.5881124 ], [ 2.4660251, 41.5878971 ], [ 2.466462, 41.5878263 ], [ 2.4670369, 41.5879018 ], [ 2.4673658, 41.5880893 ], [ 2.4681228, 41.5889611 ], [ 2.4684928, 41.5891643 ], [ 2.4690412, 41.589336 ], [ 2.469854, 41.5893875 ], [ 2.470039, 41.589497 ], [ 2.4701204, 41.5896678 ], [ 2.4700763, 41.5900347 ], [ 2.4701983, 41.5902264 ], [ 2.4714311, 41.5910073 ], [ 2.4733375, 41.5927835 ], [ 2.4755155, 41.5941734 ], [ 2.4767636, 41.5956209 ], [ 2.4770273, 41.5962114 ], [ 2.477106, 41.5967078 ], [ 2.4770606, 41.5972193 ], [ 2.4768249, 41.598257 ], [ 2.4772135, 41.5987394 ], [ 2.4778384, 41.5991492 ], [ 2.4801418, 41.6004956 ], [ 2.4814583, 41.6010513 ], [ 2.4831532, 41.6020783 ], [ 2.4837602, 41.6023228 ], [ 2.4866735, 41.6025729 ], [ 2.4916775, 41.6037985 ], [ 2.4934527, 41.6040925 ], [ 2.4960335, 41.6041568 ], [ 2.4973056, 41.6042032 ], [ 2.4976421, 41.6043944 ], [ 2.497769, 41.604605 ], [ 2.4975807, 41.6055874 ], [ 2.4971389, 41.6072298 ], [ 2.4974278, 41.6078243 ], [ 2.4974154, 41.6085579 ], [ 2.4959229, 41.6096654 ], [ 2.4949042, 41.6099661 ], [ 2.4935745, 41.6102337 ], [ 2.4947124, 41.61158 ], [ 2.4950904, 41.6121884 ], [ 2.4954231, 41.613148 ], [ 2.4952848, 41.6165685 ], [ 2.4969419, 41.6239955 ], [ 2.4954917, 41.6247578 ], [ 2.4949587, 41.6244387 ], [ 2.4938579, 41.6241051 ], [ 2.4931604, 41.6240655 ], [ 2.4920708, 41.6243652 ], [ 2.4909984, 41.6245432 ], [ 2.4899715, 41.6251111 ], [ 2.4882203, 41.6267656 ], [ 2.4868038, 41.6273394 ], [ 2.486499, 41.6276156 ], [ 2.4861431, 41.6286345 ], [ 2.4852892, 41.6300261 ], [ 2.4867489, 41.6318453 ], [ 2.4836432, 41.6316134 ], [ 2.4834467, 41.6309567 ], [ 2.4824686, 41.6298485 ], [ 2.4812869, 41.6294778 ], [ 2.4802335, 41.6292903 ], [ 2.4788595, 41.6292579 ], [ 2.4779573, 41.6293998 ], [ 2.4773448, 41.6296361 ], [ 2.4757735, 41.6307041 ], [ 2.4754648, 41.6308093 ], [ 2.4748015, 41.6308773 ], [ 2.473085, 41.6308695 ], [ 2.4727663, 41.6307613 ], [ 2.4724479, 41.6300978 ], [ 2.472019, 41.6297359 ], [ 2.4716118, 41.6296441 ], [ 2.4705326, 41.6296031 ], [ 2.4682431, 41.6301327 ], [ 2.4666379, 41.6306111 ], [ 2.4640228, 41.630617 ], [ 2.4634955, 41.6305605 ], [ 2.4629696, 41.630324 ], [ 2.4620151, 41.6297076 ], [ 2.4599578, 41.628996 ], [ 2.458953, 41.6286672 ], [ 2.4577797, 41.6283918 ], [ 2.4572281, 41.6283712 ], [ 2.4570993, 41.6294325 ], [ 2.4565387, 41.6304738 ], [ 2.4561762, 41.6307961 ], [ 2.4555509, 41.6309731 ], [ 2.4551408, 41.6312412 ], [ 2.4543293, 41.6307514 ], [ 2.4528789, 41.6291965 ], [ 2.4523365, 41.6280959 ], [ 2.4520788, 41.6273387 ], [ 2.4520128, 41.6267734 ], [ 2.450527, 41.6264493 ], [ 2.4483341, 41.6276089 ], [ 2.4483031, 41.6284367 ], [ 2.4477433, 41.6293699 ], [ 2.448045, 41.6305774 ], [ 2.4441633, 41.6300187 ], [ 2.4432122, 41.6302762 ], [ 2.442407, 41.6306258 ], [ 2.44198, 41.6307093 ], [ 2.4412768, 41.6307269 ], [ 2.4407095, 41.6306291 ], [ 2.4392435, 41.6301927 ], [ 2.4384549, 41.629829 ], [ 2.4365717, 41.6284518 ], [ 2.4361651, 41.6283059 ], [ 2.4358769, 41.6283404 ], [ 2.4355142, 41.6286626 ], [ 2.433371, 41.6295881 ], [ 2.4330495, 41.6307024 ], [ 2.4312497, 41.6307476 ], [ 2.4311627, 41.6297211 ], [ 2.4309473, 41.6296662 ], [ 2.4304955, 41.6297691 ], [ 2.4302728, 41.6299688 ], [ 2.430123, 41.6306341 ], [ 2.4287762, 41.6310053 ], [ 2.4288317, 41.6301597 ], [ 2.4262912, 41.629862 ], [ 2.4247478, 41.6299438 ], [ 2.4235125, 41.6301712 ], [ 2.4223552, 41.6305237 ], [ 2.4214088, 41.6306345 ], [ 2.4211754, 41.6305174 ], [ 2.4210809, 41.6303549 ], [ 2.4212576, 41.6293838 ], [ 2.4202363, 41.6282267 ], [ 2.419875, 41.6254472 ], [ 2.4190218, 41.625895 ], [ 2.4179412, 41.6269718 ], [ 2.4170713, 41.6268253 ], [ 2.4162309, 41.6261072 ], [ 2.4153613, 41.6260637 ], [ 2.4134956, 41.6238623 ], [ 2.4113263, 41.622176 ], [ 2.4094307, 41.6201803 ], [ 2.4076866, 41.6175787 ], [ 2.4072057, 41.6166284 ], [ 2.4069465, 41.6153434 ], [ 2.4059786, 41.6139921 ], [ 2.4042983, 41.613044 ], [ 2.4038683, 41.6121964 ], [ 2.4030361, 41.6119733 ], [ 2.4016547, 41.6112035 ], [ 2.4008553, 41.6109354 ], [ 2.4010597, 41.610249 ], [ 2.4010484, 41.6078948 ], [ 2.3989466, 41.6084144 ], [ 2.3941606, 41.6087076 ], [ 2.3933555, 41.6066166 ], [ 2.3908254, 41.6050648 ], [ 2.3908066, 41.6045695 ], [ 2.3901595, 41.6039668 ], [ 2.3890641, 41.6022171 ], [ 2.3886295, 41.6017639 ], [ 2.3881955, 41.6016202 ], [ 2.3873516, 41.6011736 ], [ 2.3870945, 41.60096 ], [ 2.3867246, 41.6002152 ], [ 2.3862318, 41.6000181 ], [ 2.3860659, 41.6001057 ], [ 2.3859224, 41.6003348 ], [ 2.3856152, 41.6004393 ], [ 2.3853095, 41.6003846 ], [ 2.3842676, 41.5996981 ], [ 2.383485, 41.6002332 ], [ 2.3831902, 41.600267 ], [ 2.383063, 41.6000188 ], [ 2.3833675, 41.5989772 ], [ 2.3830092, 41.5975648 ], [ 2.3827673, 41.5964362 ], [ 2.3808963, 41.5950204 ], [ 2.3754751, 41.5953272 ], [ 2.3747714, 41.5947507 ], [ 2.3723116, 41.5905336 ], [ 2.3687664, 41.5862682 ], [ 2.3672612, 41.5846587 ], [ 2.3667365, 41.5842975 ], [ 2.365344, 41.5830867 ], [ 2.3649398, 41.5825988 ], [ 2.3643134, 41.5815304 ], [ 2.3633829, 41.5805785 ], [ 2.3623475, 41.5797531 ], [ 2.3607982, 41.5782466 ], [ 2.3602734, 41.5778739 ], [ 2.3587243, 41.5763674 ], [ 2.3581526, 41.5759265 ], [ 2.3579036, 41.5755973 ], [ 2.3569916, 41.5748507 ], [ 2.3564174, 41.5742272 ], [ 2.357979, 41.5711657 ], [ 2.3593058, 41.568814 ], [ 2.360698, 41.5667701 ], [ 2.3616327, 41.5650959 ], [ 2.3629541, 41.5631548 ], [ 2.3631294, 41.5625824 ], [ 2.3614719, 41.5587814 ], [ 2.3598457, 41.5539408 ], [ 2.3596031, 41.5529834 ], [ 2.3599378, 41.5508881 ], [ 2.3624951, 41.5483723 ], [ 2.3661192, 41.5449829 ], [ 2.3668714, 41.5441661 ], [ 2.3677471, 41.543451 ], [ 2.3682469, 41.54315 ], [ 2.3652254, 41.5441487 ], [ 2.3621669, 41.5435648 ], [ 2.3592002, 41.5427771 ], [ 2.3572646, 41.5424244 ], [ 2.3558286, 41.541743 ], [ 2.354718, 41.5413097 ], [ 2.3524928, 41.5410359 ], [ 2.3521722, 41.5409091 ], [ 2.3513993, 41.5411007 ], [ 2.3509667, 41.5412581 ], [ 2.3504177, 41.5416202 ], [ 2.3502345, 41.54164 ], [ 2.3500468, 41.5415472 ], [ 2.3473472, 41.5416952 ], [ 2.3452474, 41.5421336 ], [ 2.3446862, 41.542412 ], [ 2.3441024, 41.5428364 ], [ 2.3436581, 41.5434391 ], [ 2.3433952, 41.5443109 ], [ 2.3426105, 41.5454675 ], [ 2.3426443, 41.5458488 ], [ 2.3435505, 41.5463955 ], [ 2.3435122, 41.5464451 ], [ 2.3419814, 41.546403 ], [ 2.3345616, 41.54361 ], [ 2.3338496, 41.543118 ], [ 2.3326992, 41.5425509 ], [ 2.33184, 41.5422607 ], [ 2.3280286, 41.5413102 ], [ 2.3282735, 41.5394219 ], [ 2.3234757, 41.5372125 ], [ 2.3170633, 41.5335101 ], [ 2.3196878, 41.5324652 ], [ 2.3196067, 41.5312531 ], [ 2.3208209, 41.5300347 ], [ 2.3216759, 41.5298322 ], [ 2.324705, 41.5301985 ], [ 2.3258496, 41.5299971 ], [ 2.3280071, 41.5289308 ], [ 2.3285486, 41.5282756 ], [ 2.3288116, 41.528097 ], [ 2.3286111, 41.5276197 ], [ 2.3285888, 41.5272754 ], [ 2.3286994, 41.5269254 ], [ 2.3290609, 41.5263356 ], [ 2.3294679, 41.524231 ], [ 2.3294499, 41.5234878 ], [ 2.3305647, 41.5237161 ], [ 2.330048, 41.5229517 ], [ 2.3293008, 41.5222205 ], [ 2.3265051, 41.5204552 ], [ 2.3258407, 41.5198778 ], [ 2.3249493, 41.5188633 ], [ 2.3243743, 41.5176635 ], [ 2.3244537, 41.5166271 ], [ 2.3232015, 41.5167109 ], [ 2.3179387, 41.5169463 ], [ 2.3172287, 41.5170854 ], [ 2.3167177, 41.5175242 ], [ 2.3161369, 41.5176555 ], [ 2.3157118, 41.5176052 ], [ 2.3143071, 41.5168612 ], [ 2.3131549, 41.5165257 ], [ 2.309341, 41.5161623 ], [ 2.308618, 41.5147994 ], [ 2.3072673, 41.5135555 ], [ 2.3066327, 41.5133198 ], [ 2.3047394, 41.5145964 ], [ 2.3025883, 41.5146959 ], [ 2.2929391, 41.5145863 ], [ 2.2882561, 41.5144382 ], [ 2.2850606, 41.5153955 ], [ 2.2849302, 41.515385 ], [ 2.2843612, 41.5149175 ], [ 2.2837212, 41.5146193 ], [ 2.281966, 41.5141537 ], [ 2.28014, 41.5134134 ], [ 2.2782848, 41.512409 ], [ 2.2772723, 41.5119614 ], [ 2.2756319, 41.5116864 ], [ 2.2739099, 41.511705 ], [ 2.273012, 41.5115228 ], [ 2.2704408, 41.5105066 ], [ 2.2698997, 41.510223 ], [ 2.2681874, 41.5090805 ], [ 2.2681923, 41.5077898 ], [ 2.2679356, 41.5067981 ], [ 2.2667531, 41.5049107 ], [ 2.2652497, 41.5045079 ], [ 2.2631398, 41.5041259 ], [ 2.2625618, 41.5055004 ], [ 2.2616351, 41.5072151 ], [ 2.2612024, 41.5074182 ], [ 2.260436, 41.5076168 ], [ 2.2598303, 41.5076446 ], [ 2.2586684, 41.5078577 ], [ 2.2580249, 41.5081331 ], [ 2.2571966, 41.508716 ], [ 2.256356, 41.5103576 ], [ 2.2550902, 41.5115553 ], [ 2.2542949, 41.5126678 ], [ 2.2535215, 41.5135598 ], [ 2.2532152, 41.5149196 ], [ 2.2529348, 41.5152618 ], [ 2.2519088, 41.5160053 ], [ 2.2504993, 41.5160696 ], [ 2.2502384, 41.5173958 ], [ 2.248717, 41.5187416 ], [ 2.2467384, 41.5183109 ], [ 2.2458915, 41.518238 ], [ 2.2449935, 41.5182563 ], [ 2.2445905, 41.5184345 ], [ 2.2437002, 41.519176 ], [ 2.2428227, 41.5201709 ], [ 2.2424498, 41.5209213 ], [ 2.2429578, 41.5214136 ], [ 2.2433073, 41.5219176 ], [ 2.2435267, 41.5225497 ], [ 2.2435604, 41.523695 ], [ 2.2460012, 41.5234759 ], [ 2.2461748, 41.5239042 ], [ 2.2461944, 41.5242422 ], [ 2.2460363, 41.5251569 ], [ 2.2471212, 41.5252367 ], [ 2.2484006, 41.5256081 ], [ 2.2504578, 41.5265187 ], [ 2.2506975, 41.5298989 ], [ 2.2514069, 41.5296333 ], [ 2.251865, 41.5296298 ], [ 2.2527358, 41.5298542 ], [ 2.2530991, 41.5302715 ], [ 2.2525289, 41.5310036 ], [ 2.2524641, 41.5315124 ], [ 2.2533792, 41.5316226 ], [ 2.2513801, 41.5331167 ], [ 2.2507552, 41.5336772 ], [ 2.2501787, 41.5338726 ], [ 2.2489434, 41.5338415 ], [ 2.2495013, 41.5353735 ], [ 2.2474034, 41.5363841 ], [ 2.2396707, 41.5396697 ], [ 2.2334268, 41.5420344 ], [ 2.2321433, 41.5413921 ], [ 2.2311078, 41.5406965 ], [ 2.2306357, 41.540126 ], [ 2.2313474, 41.5444867 ], [ 2.2315549, 41.5457565 ], [ 2.2318349, 41.5465336 ], [ 2.2338473, 41.5501466 ], [ 2.2334847, 41.5543473 ], [ 2.2330041, 41.5545718 ], [ 2.2311683, 41.5549976 ], [ 2.2302237, 41.5555058 ], [ 2.229546, 41.5556238 ], [ 2.2283661, 41.5554473 ], [ 2.2238394, 41.5560072 ], [ 2.2156347, 41.5567347 ], [ 2.2135245, 41.5569876 ], [ 2.2127033, 41.5570025 ], [ 2.2121844, 41.5569166 ], [ 2.2117344, 41.5579207 ], [ 2.2114754, 41.5589673 ], [ 2.2098253, 41.5618748 ], [ 2.2090895, 41.5638636 ], [ 2.2083311, 41.5654617 ], [ 2.2079358, 41.5658196 ], [ 2.2047385, 41.5677538 ], [ 2.2040962, 41.5686535 ], [ 2.2034109, 41.5711592 ], [ 2.2028693, 41.5724371 ], [ 2.2029539, 41.5741055 ], [ 2.2030455, 41.5742554 ], [ 2.2027958, 41.5755528 ], [ 2.2027104, 41.5757752 ], [ 2.2024076, 41.5757056 ], [ 2.2021519, 41.575639 ], [ 2.2018994, 41.5755656 ], [ 2.2014815, 41.5754856 ], [ 2.2013083, 41.5754711 ], [ 2.2011345, 41.5754619 ], [ 2.2009501, 41.5754585 ], [ 2.2003516, 41.5754689 ], [ 2.2001307, 41.5754466 ], [ 2.1999094, 41.5754085 ], [ 2.1995574, 41.5753358 ], [ 2.1991469, 41.5752974 ], [ 2.199097, 41.5752968 ], [ 2.1990476, 41.5753026 ], [ 2.1990004, 41.5753144 ], [ 2.1989564, 41.5753321 ], [ 2.198917, 41.5753551 ], [ 2.1985256, 41.5756935 ], [ 2.1983068, 41.5758574 ], [ 2.1973249, 41.575488 ], [ 2.1962344, 41.5754073 ], [ 2.1962408, 41.574981 ], [ 2.1962328, 41.5749236 ], [ 2.196214, 41.5748399 ], [ 2.1962076, 41.5748115 ], [ 2.1962003, 41.5747844 ], [ 2.196193, 41.5747565 ], [ 2.1961764, 41.5747162 ], [ 2.1961518, 41.5746779 ], [ 2.1961309, 41.5746541 ], [ 2.196056, 41.5745833 ], [ 2.1960173, 41.5745493 ], [ 2.1959758, 41.5745128 ], [ 2.1958782, 41.5744295 ], [ 2.1957756, 41.574345 ], [ 2.1956912, 41.5742832 ], [ 2.1956009, 41.5742265 ], [ 2.1955371, 41.5741922 ], [ 2.195267, 41.5740568 ], [ 2.1952166, 41.5740275 ], [ 2.1951694, 41.573996 ], [ 2.1951484, 41.573977 ], [ 2.1951319, 41.5739557 ], [ 2.1951301, 41.5739528 ], [ 2.1946073, 41.573851 ], [ 2.1941116, 41.5738079 ], [ 2.1926616, 41.5737829 ], [ 2.1923195, 41.573738 ], [ 2.1919791, 41.5737781 ], [ 2.1908205, 41.5735182 ], [ 2.1893043, 41.5732109 ], [ 2.1892156, 41.5732031 ], [ 2.1891494, 41.5732106 ], [ 2.1891126, 41.5732187 ], [ 2.188851, 41.5733031 ], [ 2.1887754, 41.5733259 ], [ 2.1887251, 41.5733341 ], [ 2.1886806, 41.5733337 ], [ 2.1886364, 41.5733264 ], [ 2.1886068, 41.5733186 ], [ 2.1885675, 41.5733055 ], [ 2.1884102, 41.5732444 ], [ 2.1883653, 41.5732314 ], [ 2.1883525, 41.5732286 ], [ 2.1870571, 41.5727335 ], [ 2.1864841, 41.5725377 ], [ 2.1865273, 41.5724367 ], [ 2.1865428, 41.5723803 ], [ 2.1865484, 41.5723272 ], [ 2.1865597, 41.5722656 ], [ 2.1865772, 41.5721926 ], [ 2.1866038, 41.5720616 ], [ 2.1866172, 41.5719997 ], [ 2.1866221, 41.571974 ], [ 2.18663, 41.5719222 ], [ 2.1866412, 41.5718306 ], [ 2.1866571, 41.5716947 ], [ 2.1866782, 41.5714066 ], [ 2.1866847, 41.5713524 ], [ 2.1867013, 41.5712438 ], [ 2.1867144, 41.5711771 ], [ 2.1867312, 41.5710612 ], [ 2.1867348, 41.5710244 ], [ 2.186736, 41.5709505 ], [ 2.1867337, 41.5708446 ], [ 2.1867316, 41.5707641 ], [ 2.1867277, 41.5706356 ], [ 2.1867315, 41.5705025 ], [ 2.1867431, 41.5703632 ], [ 2.1867471, 41.5703335 ], [ 2.1867569, 41.5702818 ], [ 2.1867584, 41.5702729 ], [ 2.1867589, 41.570268 ], [ 2.1867592, 41.5702648 ], [ 2.1867594, 41.5702609 ], [ 2.1867593, 41.5702484 ], [ 2.1867589, 41.5702428 ], [ 2.1867581, 41.5702366 ], [ 2.1867566, 41.5702285 ], [ 2.1867549, 41.5702212 ], [ 2.1867529, 41.5702142 ], [ 2.1867506, 41.5702072 ], [ 2.1867486, 41.5702023 ], [ 2.1867426, 41.5701899 ], [ 2.186739, 41.5701831 ], [ 2.1867356, 41.5701776 ], [ 2.186724, 41.5701597 ], [ 2.1867278, 41.5701564 ], [ 2.1867342, 41.5701514 ], [ 2.1867409, 41.5701466 ], [ 2.186748, 41.5701421 ], [ 2.1867553, 41.5701378 ], [ 2.1867629, 41.5701338 ], [ 2.1867707, 41.5701302 ], [ 2.1867894, 41.5701223 ], [ 2.1867997, 41.5701175 ], [ 2.1868096, 41.5701123 ], [ 2.1868192, 41.5701068 ], [ 2.1868284, 41.5701008 ], [ 2.1868372, 41.5700945 ], [ 2.1868456, 41.570088 ], [ 2.1868536, 41.5700811 ], [ 2.186861, 41.570074 ], [ 2.1868681, 41.5700666 ], [ 2.1868746, 41.5700589 ], [ 2.1868861, 41.5700428 ], [ 2.1868905, 41.5700355 ], [ 2.1868949, 41.5700269 ], [ 2.1868988, 41.5700183 ], [ 2.186902, 41.5700095 ], [ 2.1869048, 41.5700006 ], [ 2.1869068, 41.569992 ], [ 2.1870505, 41.5692727 ], [ 2.1870526, 41.5692599 ], [ 2.1870541, 41.5692469 ], [ 2.1870547, 41.5692337 ], [ 2.1870544, 41.5692195 ], [ 2.1870536, 41.5692076 ], [ 2.1870518, 41.5691945 ], [ 2.1870494, 41.5691815 ], [ 2.1870366, 41.5691337 ], [ 2.1870345, 41.5691217 ], [ 2.1870331, 41.5691097 ], [ 2.1870324, 41.5690976 ], [ 2.1870326, 41.5690856 ], [ 2.1870336, 41.5690732 ], [ 2.1870515, 41.5689139 ], [ 2.1870539, 41.5689023 ], [ 2.1870571, 41.5688908 ], [ 2.1870608, 41.5688795 ], [ 2.1870654, 41.5688683 ], [ 2.1870702, 41.5688582 ], [ 2.1870761, 41.5688475 ], [ 2.1870832, 41.5688359 ], [ 2.1871809, 41.5687034 ], [ 2.187208, 41.5686647 ], [ 2.1872324, 41.5686256 ], [ 2.1872546, 41.5685848 ], [ 2.1872742, 41.5685433 ], [ 2.1872912, 41.568501 ], [ 2.1873055, 41.5684583 ], [ 2.1873174, 41.5684141 ], [ 2.1873261, 41.5683709 ], [ 2.1875738, 41.5668864 ], [ 2.1876418, 41.5655253 ], [ 2.1876489, 41.565438 ], [ 2.1876618, 41.5653511 ], [ 2.1876796, 41.5652657 ], [ 2.1877037, 41.5651802 ], [ 2.1878527, 41.5647 ], [ 2.1878601, 41.564674 ], [ 2.1878648, 41.5646566 ], [ 2.1878667, 41.5646486 ], [ 2.1878692, 41.5646391 ], [ 2.1878734, 41.5646211 ], [ 2.1878811, 41.5645852 ], [ 2.1878881, 41.5645491 ], [ 2.1878922, 41.5645231 ], [ 2.1878937, 41.5645111 ], [ 2.187896, 41.5644972 ], [ 2.1879005, 41.564463 ], [ 2.1879739, 41.5638848 ], [ 2.1880035, 41.5636691 ], [ 2.1880075, 41.5636331 ], [ 2.1880146, 41.5635333 ], [ 2.1880213, 41.5628568 ], [ 2.1880377, 41.5627909 ], [ 2.1880572, 41.5626751 ], [ 2.1880614, 41.5626465 ], [ 2.1880653, 41.562619 ], [ 2.1880744, 41.5625425 ], [ 2.1880845, 41.5624442 ], [ 2.1880938, 41.5623406 ], [ 2.1881159, 41.5621679 ], [ 2.1881394, 41.5620491 ], [ 2.1881585, 41.5619713 ], [ 2.1882657, 41.561588 ], [ 2.1882826, 41.5615251 ], [ 2.1882892, 41.5615075 ], [ 2.188328, 41.5614162 ], [ 2.1883364, 41.5613188 ], [ 2.1883962, 41.5610773 ], [ 2.1884317, 41.5609595 ], [ 2.1884657, 41.5608753 ], [ 2.1885777, 41.5606233 ], [ 2.1886314, 41.5605041 ], [ 2.1887432, 41.5602604 ], [ 2.1891382, 41.5595784 ], [ 2.1892763, 41.5593207 ], [ 2.1894093, 41.5590605 ], [ 2.1894424, 41.5589315 ], [ 2.1894687, 41.5588016 ], [ 2.1894879, 41.5586714 ], [ 2.1895423, 41.5579335 ], [ 2.1895838, 41.5577887 ], [ 2.1898189, 41.5573426 ], [ 2.1903532, 41.556189 ], [ 2.1917592, 41.5538601 ], [ 2.1926627, 41.5521053 ], [ 2.1930132, 41.5516071 ], [ 2.1934921, 41.5511419 ], [ 2.194219, 41.5497575 ], [ 2.1942365, 41.5483521 ], [ 2.1939326, 41.5472529 ], [ 2.1941909, 41.5467711 ], [ 2.1948935, 41.5462272 ], [ 2.1962263, 41.5457831 ], [ 2.197591, 41.5454813 ], [ 2.1987906, 41.5448427 ], [ 2.1990691, 41.5441257 ], [ 2.1991108, 41.543577 ], [ 2.1998705, 41.5412294 ], [ 2.2009353, 41.5402305 ], [ 2.2010743, 41.5395386 ], [ 2.2011906, 41.5371541 ], [ 2.2019198, 41.535852 ], [ 2.2049993, 41.5311843 ], [ 2.2053766, 41.5307633 ], [ 2.2060823, 41.5302259 ], [ 2.2070631, 41.5309799 ], [ 2.2081428, 41.5297494 ], [ 2.208067, 41.5292681 ], [ 2.2066571, 41.527465 ], [ 2.2048305, 41.5256248 ], [ 2.2024265, 41.5212105 ], [ 2.2021418, 41.5205221 ], [ 2.2017984, 41.5192122 ], [ 2.1980523, 41.5157762 ], [ 2.1959644, 41.5169174 ], [ 2.1888633, 41.5158242 ], [ 2.1886501, 41.5162658 ], [ 2.1883545, 41.5165242 ], [ 2.1876754, 41.5167191 ], [ 2.1872838, 41.5168927 ], [ 2.1868203, 41.5169792 ], [ 2.1863991, 41.5170752 ], [ 2.1861565, 41.5171537 ], [ 2.1855988, 41.5169663 ], [ 2.1853452, 41.5169194 ], [ 2.1851247, 41.5168909 ], [ 2.184831, 41.516935 ], [ 2.1844621, 41.5169377 ], [ 2.1840019, 41.5169901 ], [ 2.1836239, 41.516995 ], [ 2.1832209, 41.5170841 ], [ 2.1826394, 41.5171905 ], [ 2.182164, 41.5172566 ], [ 2.1816004, 41.5173768 ], [ 2.181367, 41.5174441 ], [ 2.1812123, 41.5175002 ], [ 2.1806168, 41.5178118 ], [ 2.1804036, 41.5179726 ], [ 2.1800712, 41.5182695 ], [ 2.179832, 41.5183094 ], [ 2.1793975, 41.5185259 ], [ 2.1789423, 41.5187106 ], [ 2.1785357, 41.5188589 ], [ 2.1782623, 41.5189943 ], [ 2.1778918, 41.5191725 ], [ 2.177688, 41.5192855 ], [ 2.177514, 41.5194669 ], [ 2.1773739, 41.5195734 ], [ 2.1770537, 41.5197473 ], [ 2.176675, 41.5199323 ], [ 2.1765635, 41.5199603 ], [ 2.1760206, 41.5202414 ], [ 2.1757759, 41.5203653 ], [ 2.1752195, 41.5205841 ], [ 2.1746635, 41.5207984 ], [ 2.1744599, 41.5207597 ], [ 2.1742635, 41.520736 ], [ 2.1741034, 41.5207283 ], [ 2.1739823, 41.5207322 ], [ 2.1738918, 41.5207157 ], [ 2.1737225, 41.5203775 ], [ 2.1736756, 41.5202246 ], [ 2.17365, 41.5200466 ], [ 2.1736121, 41.519896 ], [ 2.1736289, 41.5197228 ], [ 2.1735749, 41.5194387 ], [ 2.1734969, 41.518963 ], [ 2.1734765, 41.5188785 ], [ 2.1734525, 41.5184834 ], [ 2.1734441, 41.518126 ], [ 2.1734242, 41.5179937 ], [ 2.1734153, 41.5177603 ], [ 2.1733921, 41.5175536 ], [ 2.1730237, 41.5174969 ], [ 2.1727306, 41.5174612 ], [ 2.1724922, 41.5174189 ], [ 2.1720448, 41.5173084 ], [ 2.1717048, 41.517221 ], [ 2.1714368, 41.5171105 ], [ 2.1711471, 41.5170426 ], [ 2.1709664, 41.5169642 ], [ 2.1708912, 41.5169114 ], [ 2.1708919, 41.5168354 ], [ 2.1708732, 41.5165807 ], [ 2.1708772, 41.5163996 ], [ 2.1708878, 41.5159293 ], [ 2.1709043, 41.515188 ], [ 2.1704036, 41.5147226 ], [ 2.1697992, 41.5149027 ], [ 2.1684934, 41.5152916 ], [ 2.1682389, 41.5153337 ], [ 2.1677946, 41.5153199 ], [ 2.1676594, 41.5153255 ], [ 2.1674182, 41.5153632 ], [ 2.1672768, 41.5153902 ], [ 2.1671797, 41.5154308 ], [ 2.167114, 41.5154855 ], [ 2.167017, 41.5155666 ], [ 2.1669572, 41.5156165 ], [ 2.1668539, 41.5156683 ], [ 2.1667326, 41.5157088 ], [ 2.1664843, 41.5157417 ], [ 2.1663816, 41.515732 ], [ 2.166252, 41.5156949 ], [ 2.1659025, 41.5155586 ], [ 2.165755, 41.5154757 ], [ 2.1655321, 41.5153925 ], [ 2.1653269, 41.5153481 ], [ 2.1651605, 41.5153473 ], [ 2.1650213, 41.5153693 ], [ 2.164809, 41.5154275 ], [ 2.1645326, 41.5155629 ], [ 2.1644324, 41.5156102 ], [ 2.1637512, 41.5158778 ], [ 2.1634703, 41.5159881 ], [ 2.1632909, 41.5160943 ], [ 2.1631999, 41.5161167 ], [ 2.1630607, 41.5161319 ], [ 2.1627497, 41.5160846 ], [ 2.1626812, 41.5159839 ], [ 2.1615938, 41.5160592 ], [ 2.1612962, 41.5163149 ], [ 2.159992, 41.5180926 ], [ 2.1596175, 41.5184216 ], [ 2.1583888, 41.519067 ], [ 2.1578659, 41.5191174 ], [ 2.1546138, 41.5189092 ], [ 2.1537255, 41.5190327 ], [ 2.1533124, 41.5194667 ], [ 2.1515859, 41.521819 ], [ 2.1515096, 41.5222036 ], [ 2.1509926, 41.5225423 ], [ 2.1493001, 41.5233255 ], [ 2.1496609, 41.5235358 ], [ 2.1498973, 41.5238592 ], [ 2.149796, 41.5243157 ], [ 2.1498459, 41.52482 ], [ 2.1492247, 41.5253464 ], [ 2.1481549, 41.5262455 ], [ 2.1466521, 41.5273342 ], [ 2.145793, 41.5281218 ], [ 2.1449303, 41.5284751 ], [ 2.144295, 41.5288563 ], [ 2.143831, 41.5289479 ], [ 2.1436658, 41.5289831 ], [ 2.143094, 41.5291361 ], [ 2.1428567, 41.5292014 ], [ 2.1424922, 41.5292074 ], [ 2.1422883, 41.5292335 ], [ 2.1422086, 41.5292518 ], [ 2.1421209, 41.5292934 ], [ 2.1420095, 41.5293582 ], [ 2.1414826, 41.5296295 ], [ 2.1410525, 41.5299146 ], [ 2.1406612, 41.5300399 ], [ 2.1405889, 41.5300903 ], [ 2.1404163, 41.5302405 ], [ 2.1401086, 41.5303869 ], [ 2.1397568, 41.5305159 ], [ 2.1397034, 41.5305812 ], [ 2.1396838, 41.530739 ], [ 2.1395939, 41.5309181 ], [ 2.1394633, 41.531075 ], [ 2.1390273, 41.5313957 ], [ 2.1388681, 41.5319653 ], [ 2.1386041, 41.5325027 ], [ 2.1382597, 41.5329475 ], [ 2.1393514, 41.5341202 ], [ 2.1397253, 41.5350521 ], [ 2.1399707, 41.535312 ], [ 2.1400098, 41.5356027 ], [ 2.140306, 41.5359178 ], [ 2.1404806, 41.5369902 ], [ 2.1403707, 41.5375185 ], [ 2.1413106, 41.5378417 ], [ 2.1420508, 41.5375391 ], [ 2.1437295, 41.5386104 ], [ 2.1443576, 41.5383564 ], [ 2.1446643, 41.5385265 ], [ 2.1444697, 41.5389638 ], [ 2.1439984, 41.5389222 ], [ 2.1438273, 41.5395137 ], [ 2.1450752, 41.5399102 ], [ 2.1451715, 41.5407085 ], [ 2.1459309, 41.5409999 ], [ 2.1465298, 41.5409962 ], [ 2.1466503, 41.5416251 ], [ 2.1476876, 41.5416028 ], [ 2.1478445, 41.5408735 ], [ 2.1483451, 41.5408772 ], [ 2.148341, 41.5403721 ], [ 2.1491048, 41.5401686 ], [ 2.1492902, 41.5401839 ], [ 2.1495114, 41.5403112 ], [ 2.1499513, 41.5410598 ], [ 2.1498123, 41.5414327 ], [ 2.148686, 41.5423843 ], [ 2.1481018, 41.5430497 ], [ 2.1478541, 41.5435224 ], [ 2.1476573, 41.5443722 ], [ 2.1477033, 41.5460209 ], [ 2.1475034, 41.5466668 ], [ 2.1469522, 41.5477992 ], [ 2.1457094, 41.5498641 ], [ 2.1453221, 41.5508165 ], [ 2.1448334, 41.5514194 ], [ 2.1428999, 41.5515206 ], [ 2.1419909, 41.5530207 ], [ 2.1416032, 41.5533322 ], [ 2.1417724, 41.5543616 ], [ 2.1408942, 41.5545487 ], [ 2.140102, 41.5560267 ], [ 2.141039, 41.5565756 ], [ 2.1404973, 41.5580631 ], [ 2.1402921, 41.5583478 ], [ 2.1395283, 41.5588717 ], [ 2.139131, 41.5592884 ], [ 2.1384843, 41.5591 ], [ 2.1382973, 41.5613201 ], [ 2.1380485, 41.5621582 ], [ 2.1371712, 41.5625543 ], [ 2.1328668, 41.5632442 ], [ 2.1315732, 41.562621 ], [ 2.1303292, 41.564496 ], [ 2.1284537, 41.5660433 ], [ 2.127852, 41.569923 ], [ 2.1262401, 41.5735498 ], [ 2.1259193, 41.5744119 ], [ 2.1258943, 41.5749924 ], [ 2.1254566, 41.5751969 ], [ 2.1248114, 41.5756875 ], [ 2.1243272, 41.575929 ], [ 2.1235508, 41.5761811 ], [ 2.1213156, 41.5776093 ], [ 2.1179346, 41.5773836 ], [ 2.1173954, 41.5791377 ], [ 2.1178011, 41.5802441 ], [ 2.1177097, 41.5806595 ], [ 2.1173929, 41.581212 ], [ 2.1173423, 41.5817728 ], [ 2.1174224, 41.5822123 ], [ 2.1173244, 41.5828891 ], [ 2.1174489, 41.5834158 ], [ 2.1170847, 41.5838056 ], [ 2.1164833, 41.5842482 ], [ 2.1165093, 41.5845167 ], [ 2.11677, 41.5850554 ], [ 2.1167438, 41.5869781 ], [ 2.1175605, 41.5882143 ], [ 2.1174254, 41.5889322 ], [ 2.1174746, 41.5891005 ], [ 2.1178226, 41.5894128 ], [ 2.1178629, 41.5896067 ], [ 2.1178421, 41.589871 ], [ 2.1172679, 41.5902666 ], [ 2.1169599, 41.5900169 ], [ 2.1151923, 41.5900312 ], [ 2.1116559, 41.5895565 ], [ 2.1107407, 41.5896169 ], [ 2.1080503, 41.5901425 ], [ 2.1061986, 41.5912394 ], [ 2.1054854, 41.5906273 ], [ 2.105927, 41.5897565 ], [ 2.1059519, 41.5891889 ], [ 2.1063456, 41.5880563 ], [ 2.1062785, 41.5879396 ], [ 2.1053868, 41.5878167 ], [ 2.1058949, 41.5870979 ], [ 2.1067783, 41.5865757 ], [ 2.106919, 41.5863444 ], [ 2.1046146, 41.5865072 ], [ 2.1048885, 41.5853352 ], [ 2.1042026, 41.5852395 ], [ 2.1034336, 41.584818 ], [ 2.1010639, 41.5842503 ], [ 2.1012306, 41.5846259 ], [ 2.1008617, 41.5852037 ], [ 2.0998096, 41.5855051 ], [ 2.0993973, 41.5855019 ], [ 2.0990032, 41.5854343 ], [ 2.0977714, 41.5849965 ], [ 2.0966547, 41.5850809 ], [ 2.0965424, 41.5844774 ], [ 2.0961723, 41.5839152 ], [ 2.0926567, 41.5834746 ], [ 2.0894561, 41.5834862 ], [ 2.0892588, 41.5834385 ], [ 2.0890281, 41.5831426 ], [ 2.088857, 41.5830961 ], [ 2.0881562, 41.583452 ], [ 2.0878896, 41.5834756 ], [ 2.0876931, 41.5834031 ], [ 2.0871942, 41.5828378 ], [ 2.087344, 41.5821131 ], [ 2.0872621, 41.5818285 ], [ 2.0869904, 41.5816071 ], [ 2.0868432, 41.5810768 ], [ 2.0861931, 41.5806398 ], [ 2.0853915, 41.5808177 ], [ 2.0838749, 41.5824106 ], [ 2.0830351, 41.582975 ], [ 2.0825396, 41.5831187 ], [ 2.0796903, 41.5832239 ], [ 2.0790658, 41.5835341 ], [ 2.0788369, 41.5837586 ], [ 2.0787041, 41.5841811 ], [ 2.0769859, 41.5848161 ], [ 2.0751859, 41.5852328 ], [ 2.0720119, 41.5854579 ], [ 2.071341, 41.5857115 ], [ 2.0693633, 41.5851742 ], [ 2.0678696, 41.5851865 ], [ 2.0674568, 41.5852743 ], [ 2.0670891, 41.5853854 ], [ 2.0653632, 41.5864822 ], [ 2.064753, 41.5870966 ], [ 2.0645195, 41.587798 ], [ 2.0630246, 41.5878117 ], [ 2.0626291, 41.5880824 ], [ 2.0620399, 41.5878454 ], [ 2.0611822, 41.5877546 ], [ 2.060583, 41.5876077 ], [ 2.060197, 41.5875659 ], [ 2.0596371, 41.5876775 ], [ 2.05927, 41.5875195 ], [ 2.0583936, 41.5875318 ], [ 2.0562688, 41.588037 ], [ 2.0550716, 41.5884015 ], [ 2.0540929, 41.5883612 ], [ 2.0522285, 41.5886813 ], [ 2.0514583, 41.589062 ], [ 2.0506763, 41.5896686 ], [ 2.0496589, 41.5899248 ], [ 2.0481125, 41.5883327 ], [ 2.0461102, 41.5872145 ], [ 2.0477188, 41.5858955 ], [ 2.0466103, 41.5859152 ], [ 2.0471762, 41.5848263 ], [ 2.0478691, 41.5850192 ], [ 2.0487087, 41.5839938 ], [ 2.0513054, 41.5814731 ], [ 2.0536445, 41.5819177 ], [ 2.0546202, 41.5817363 ], [ 2.0573498, 41.5806646 ], [ 2.0619571, 41.5794307 ], [ 2.0620606, 41.5792837 ], [ 2.0604698, 41.5788319 ], [ 2.0602483, 41.578701 ], [ 2.0599668, 41.5779632 ], [ 2.0604852, 41.577761 ], [ 2.0611743, 41.5776247 ], [ 2.0618508, 41.5771656 ], [ 2.0628695, 41.5767998 ], [ 2.0638409, 41.5761188 ], [ 2.0645159, 41.5757969 ], [ 2.0651514, 41.5758021 ], [ 2.063742, 41.5734839 ], [ 2.0626579, 41.5736171 ], [ 2.0623928, 41.5729439 ], [ 2.0613874, 41.5723807 ], [ 2.060966, 41.5706514 ], [ 2.0624749, 41.5696443 ], [ 2.0635607, 41.5693918 ], [ 2.0650192, 41.5682938 ], [ 2.0641774, 41.5671256 ], [ 2.0639811, 41.5664948 ], [ 2.0640935, 41.5657829 ], [ 2.06299, 41.5637092 ], [ 2.0652087, 41.5633896 ], [ 2.0663428, 41.5629879 ], [ 2.0666967, 41.562785 ], [ 2.0687784, 41.561096 ], [ 2.0670467, 41.5600703 ], [ 2.0661972, 41.5609384 ], [ 2.0647819, 41.5594232 ], [ 2.0649122, 41.5592192 ], [ 2.0625293, 41.5579068 ], [ 2.066162, 41.5560032 ], [ 2.0652391, 41.5554494 ], [ 2.0647958, 41.5549281 ], [ 2.0647302, 41.5542593 ], [ 2.0656165, 41.5535888 ], [ 2.0633744, 41.5533594 ], [ 2.0623246, 41.553465 ], [ 2.0609197, 41.5533099 ], [ 2.0610029, 41.5527826 ], [ 2.0621878, 41.5499066 ], [ 2.0636802, 41.5480292 ], [ 2.0631069, 41.5478363 ], [ 2.0656052, 41.5446331 ], [ 2.0657562, 41.5429825 ], [ 2.0695189, 41.5430775 ], [ 2.072925, 41.5429534 ], [ 2.0754476, 41.5426133 ], [ 2.0783924, 41.5419953 ], [ 2.080939, 41.5412204 ], [ 2.082633, 41.5404522 ], [ 2.0838794, 41.5397334 ], [ 2.085047, 41.5389465 ], [ 2.0865306, 41.5377536 ], [ 2.0904043, 41.5401524 ], [ 2.0944856, 41.5369681 ], [ 2.0952303, 41.5364964 ], [ 2.095788, 41.5358942 ], [ 2.0959041, 41.5355661 ], [ 2.0959539, 41.5344535 ], [ 2.0971889, 41.5332954 ], [ 2.0977661, 41.5325192 ], [ 2.0980862, 41.5317119 ], [ 2.0980439, 41.53103 ], [ 2.0981936, 41.5304966 ], [ 2.0988538, 41.5290148 ], [ 2.0992034, 41.5286472 ], [ 2.0993634, 41.5282065 ], [ 2.0989493, 41.5272944 ], [ 2.0986884, 41.5255812 ], [ 2.0979324, 41.5238481 ], [ 2.0973073, 41.5216269 ], [ 2.0978621, 41.5194138 ], [ 2.0973109, 41.5194297 ], [ 2.0961848, 41.5192555 ], [ 2.0956171, 41.5188784 ], [ 2.0951032, 41.5182033 ], [ 2.0943733, 41.5176234 ], [ 2.0942215, 41.5174286 ], [ 2.0938753, 41.5164096 ], [ 2.0939886, 41.5156684 ], [ 2.093873, 41.515345 ], [ 2.0940555, 41.5145657 ], [ 2.0938372, 41.5142091 ], [ 2.0930881, 41.5139466 ], [ 2.0927655, 41.513699 ], [ 2.0923408, 41.5127665 ], [ 2.0921387, 41.5126536 ], [ 2.0908287, 41.5124561 ], [ 2.0904185, 41.5123302 ], [ 2.0887288, 41.5115275 ], [ 2.0809664, 41.5096673 ], [ 2.0808261, 41.5094416 ], [ 2.0807123, 41.5093346 ], [ 2.0805126, 41.5091805 ], [ 2.0804454, 41.5089414 ], [ 2.0804126, 41.5087471 ], [ 2.0803992, 41.5085791 ], [ 2.0803478, 41.5084132 ], [ 2.0803033, 41.5083251 ], [ 2.0802093, 41.5081966 ], [ 2.080064, 41.5080541 ], [ 2.0799426, 41.5079495 ], [ 2.07969, 41.5077859 ], [ 2.0793726, 41.5076139 ], [ 2.0790728, 41.5074991 ], [ 2.0789433, 41.5074379 ], [ 2.0787569, 41.5073225 ], [ 2.0782045, 41.5070407 ], [ 2.0781042, 41.5069396 ], [ 2.0777761, 41.5067766 ], [ 2.0775592, 41.506836 ], [ 2.0770881, 41.5066049 ], [ 2.0767933, 41.5067447 ], [ 2.0766088, 41.506738 ], [ 2.0764335, 41.5067233 ], [ 2.0763369, 41.5067044 ], [ 2.076119, 41.5067123 ], [ 2.0756871, 41.506639 ], [ 2.0754513, 41.5066285 ], [ 2.0751712, 41.5065677 ], [ 2.0752726, 41.5063431 ], [ 2.0753471, 41.5061517 ], [ 2.0753864, 41.5060091 ], [ 2.0753949, 41.5057682 ], [ 2.075349, 41.5055144 ], [ 2.0753348, 41.5054206 ], [ 2.0752516, 41.5052603 ], [ 2.075182, 41.5051205 ], [ 2.0751179, 41.5050151 ], [ 2.0750675, 41.5049212 ], [ 2.0750489, 41.5048023 ], [ 2.0750704, 41.5046232 ], [ 2.0750678, 41.5044301 ], [ 2.0750474, 41.5042061 ], [ 2.0750008, 41.5040288 ], [ 2.0749789, 41.5039397 ], [ 2.0749804, 41.5038003 ], [ 2.0750506, 41.5035826 ], [ 2.0752115, 41.5032215 ], [ 2.0752582, 41.5030905 ], [ 2.0752899, 41.502949 ], [ 2.0752989, 41.5027937 ], [ 2.0753124, 41.5026591 ], [ 2.0753122, 41.50253 ], [ 2.0752467, 41.5022693 ], [ 2.0751861, 41.5021319 ], [ 2.0750492, 41.5019152 ], [ 2.0749479, 41.5017479 ], [ 2.0748847, 41.5015762 ], [ 2.0748591, 41.5014104 ], [ 2.0748671, 41.5012118 ], [ 2.0748988, 41.5010624 ], [ 2.0750061, 41.5007854 ], [ 2.0750499, 41.5006373 ], [ 2.0751929, 41.5004947 ], [ 2.0751905, 41.5003355 ], [ 2.0751058, 41.5000346 ], [ 2.0749454, 41.4997368 ], [ 2.0748801, 41.4994668 ], [ 2.0746524, 41.4987963 ], [ 2.0746608, 41.4985497 ], [ 2.0746889, 41.498471 ], [ 2.0748611, 41.4981819 ], [ 2.0748923, 41.4980931 ], [ 2.0748873, 41.4979822 ], [ 2.074824, 41.4978162 ], [ 2.0746418, 41.4975902 ], [ 2.0742682, 41.49729 ], [ 2.078926, 41.4949147 ], [ 2.0798878, 41.4928982 ], [ 2.0801159, 41.4922977 ], [ 2.0801282, 41.492193 ], [ 2.0802575, 41.4920541 ], [ 2.0819904, 41.4893093 ], [ 2.0867552, 41.4857677 ], [ 2.0888583, 41.4842322 ], [ 2.0893873, 41.4839497 ], [ 2.0902558, 41.4835823 ], [ 2.0909177, 41.4828449 ], [ 2.0911764, 41.4825231 ], [ 2.0923517, 41.4818457 ], [ 2.094946, 41.4803185 ], [ 2.0952503, 41.4801146 ], [ 2.0957241, 41.4797461 ], [ 2.0965565, 41.4791912 ], [ 2.0970773, 41.4788001 ], [ 2.0975977, 41.4784638 ], [ 2.0979568, 41.47821 ], [ 2.0980772, 41.478109 ], [ 2.0984146, 41.4777706 ], [ 2.0987805, 41.477462 ], [ 2.0991783, 41.4771147 ], [ 2.099444, 41.4768444 ], [ 2.0997523, 41.4765481 ], [ 2.1002465, 41.4760872 ], [ 2.1024225, 41.4742013 ], [ 2.103071, 41.4731616 ], [ 2.1055189, 41.4721626 ], [ 2.1052533, 41.4718042 ], [ 2.1065986, 41.4710778 ], [ 2.1075485, 41.4704945 ], [ 2.1088096, 41.4706204 ], [ 2.1095461, 41.4701884 ], [ 2.1096223, 41.4691206 ], [ 2.1097064, 41.4686913 ], [ 2.1097966, 41.4685129 ], [ 2.1099825, 41.4680729 ], [ 2.1101875, 41.4676971 ], [ 2.1101968, 41.4676392 ], [ 2.1102125, 41.467473 ], [ 2.1100339, 41.4668725 ], [ 2.1100719, 41.4667205 ], [ 2.1103344, 41.4665965 ], [ 2.1107751, 41.4664815 ], [ 2.1111394, 41.4664438 ], [ 2.1113156, 41.4664243 ], [ 2.1114176, 41.4664034 ], [ 2.1115396, 41.4663714 ], [ 2.1116679, 41.4663328 ], [ 2.1117597, 41.4662968 ], [ 2.111924, 41.4662201 ], [ 2.1121546, 41.4660955 ], [ 2.1123773, 41.46594 ], [ 2.1125058, 41.4658432 ], [ 2.1126872, 41.4657508 ], [ 2.1128727, 41.4656699 ], [ 2.1130054, 41.465637 ], [ 2.1131677, 41.4656218 ], [ 2.1133976, 41.4656249 ], [ 2.1136015, 41.4656343 ], [ 2.1140369, 41.4657005 ], [ 2.1144946, 41.4657739 ], [ 2.1146498, 41.4658474 ], [ 2.1148889, 41.465894 ], [ 2.1150678, 41.4658813 ], [ 2.1152805, 41.4658567 ], [ 2.1156182, 41.4658424 ], [ 2.1159218, 41.465864 ], [ 2.1162627, 41.4658999 ], [ 2.1166323, 41.4659842 ], [ 2.1168383, 41.4660758 ], [ 2.1175758, 41.4662189 ], [ 2.117577, 41.4658648 ], [ 2.1175191, 41.4655799 ], [ 2.1174963, 41.4652832 ], [ 2.1173913, 41.4647524 ], [ 2.1173301, 41.4646749 ], [ 2.1172342, 41.464493 ], [ 2.1171959, 41.4643065 ], [ 2.1170645, 41.4641012 ], [ 2.1169643, 41.4640093 ], [ 2.1166104, 41.4638022 ], [ 2.1164953, 41.4636565 ], [ 2.1164175, 41.4634749 ], [ 2.1163289, 41.4633502 ], [ 2.1162734, 41.463185 ], [ 2.1162424, 41.4630135 ], [ 2.1162528, 41.4628188 ], [ 2.1162523, 41.462633 ], [ 2.1162654, 41.4623471 ], [ 2.1162249, 41.4622883 ], [ 2.1161695, 41.4621174 ], [ 2.1161508, 41.4619347 ], [ 2.1159436, 41.4615833 ], [ 2.115717, 41.4610719 ], [ 2.115704, 41.4609767 ], [ 2.1157634, 41.4608847 ], [ 2.1157519, 41.4607659 ], [ 2.1157876, 41.4605842 ], [ 2.1158649, 41.4604329 ], [ 2.1158933, 41.4602932 ], [ 2.1159865, 41.4600134 ], [ 2.1159415, 41.4599488 ], [ 2.1160431, 41.4598924 ], [ 2.1162184, 41.4598467 ], [ 2.1165006, 41.4598211 ], [ 2.1166191, 41.4598051 ], [ 2.1166911, 41.4597232 ], [ 2.1167604, 41.4595866 ], [ 2.1168278, 41.4593609 ], [ 2.1169028, 41.4589794 ], [ 2.11784, 41.4583526 ], [ 2.1178754, 41.4577309 ], [ 2.1179673, 41.4572972 ], [ 2.118097, 41.4569553 ], [ 2.1181191, 41.4568281 ], [ 2.1181187, 41.4566389 ], [ 2.1180892, 41.4563146 ], [ 2.1192491, 41.4559289 ], [ 2.1198801, 41.4556748 ], [ 2.11989, 41.4555942 ], [ 2.1198802, 41.4552156 ], [ 2.1198154, 41.4548611 ], [ 2.1197095, 41.4545069 ], [ 2.1196073, 41.4541312 ], [ 2.1194646, 41.453749 ], [ 2.1194042, 41.453545 ], [ 2.1194158, 41.453209 ], [ 2.1195259, 41.4529192 ], [ 2.1196461, 41.4526479 ], [ 2.1197289, 41.4524089 ], [ 2.1198285, 41.4520665 ], [ 2.1199126, 41.4516338 ], [ 2.1199297, 41.4512614 ], [ 2.1199723, 41.4509555 ], [ 2.119935, 41.450687 ], [ 2.1199413, 41.4503292 ], [ 2.1199737, 41.4501543 ], [ 2.1200675, 41.4498528 ], [ 2.1203273, 41.4494644 ], [ 2.1205469, 41.4492073 ], [ 2.120822, 41.4490096 ], [ 2.1210686, 41.4488591 ], [ 2.1213829, 41.4486784 ], [ 2.121525, 41.4486714 ], [ 2.1217511, 41.4486516 ], [ 2.1220906, 41.4485792 ], [ 2.1222104, 41.4485176 ], [ 2.1222863, 41.4484573 ], [ 2.1223245, 41.4483988 ], [ 2.1223743, 41.4482971 ], [ 2.1223862, 41.4482084 ], [ 2.12238, 41.4481594 ], [ 2.1223607, 41.4480997 ], [ 2.1222972, 41.4479982 ], [ 2.122272, 41.4479305 ], [ 2.1222834, 41.4478019 ], [ 2.1223224, 41.4476636 ], [ 2.122352, 41.4475821 ], [ 2.1224632, 41.4475556 ], [ 2.1226133, 41.4475459 ], [ 2.1228402, 41.4475466 ], [ 2.1230072, 41.4475257 ], [ 2.1231184, 41.4475003 ], [ 2.1233465, 41.4474099 ], [ 2.1235221, 41.4473061 ], [ 2.1236686, 41.4472107 ], [ 2.1238869, 41.4470343 ], [ 2.1238916, 41.4469902 ], [ 2.1239815, 41.4469178 ], [ 2.1240478, 41.4468256 ], [ 2.12411, 41.4467697 ], [ 2.1242306, 41.446732 ], [ 2.1244373, 41.4467004 ], [ 2.1245747, 41.4466585 ], [ 2.1246697, 41.446568 ], [ 2.124818, 41.4464168 ], [ 2.1249207, 41.4462693 ], [ 2.124934, 41.4462297 ], [ 2.1249108, 41.4460937 ], [ 2.1248931, 41.4459292 ], [ 2.1248538, 41.445729 ], [ 2.1248643, 41.4456779 ], [ 2.1249758, 41.4455443 ], [ 2.1251378, 41.4454869 ], [ 2.1253469, 41.4454235 ], [ 2.1256172, 41.4453395 ], [ 2.125809, 41.4452986 ], [ 2.1260909, 41.4452342 ], [ 2.1264524, 41.4450847 ], [ 2.1268232, 41.4447724 ], [ 2.1268539, 41.4447581 ], [ 2.1270147, 41.4447439 ], [ 2.1272686, 41.4446984 ], [ 2.1277423, 41.4444905 ], [ 2.127801, 41.4443947 ], [ 2.1280392, 41.4441232 ], [ 2.1282106, 41.4439519 ], [ 2.1291614, 41.4434724 ], [ 2.1294837, 41.4432675 ], [ 2.1298493, 41.4429743 ], [ 2.1299065, 41.4429373 ], [ 2.1299449, 41.4428536 ], [ 2.1299618, 41.4428696 ], [ 2.1302569, 41.4431503 ], [ 2.1302618, 41.4431566 ], [ 2.1304654, 41.4434171 ], [ 2.1305808, 41.4436637 ], [ 2.1306407, 41.4437392 ], [ 2.1306522, 41.4437826 ], [ 2.1306658, 41.4437879 ], [ 2.1307021, 41.4438021 ], [ 2.1308089, 41.4438251 ], [ 2.1308956, 41.4438331 ], [ 2.131106, 41.4438471 ], [ 2.1313264, 41.4439209 ], [ 2.131434, 41.4439531 ], [ 2.131603, 41.4440007 ], [ 2.1317361, 41.4440385 ], [ 2.1320062, 41.4440722 ], [ 2.1322549, 41.4441684 ], [ 2.1328463, 41.4447205 ], [ 2.1328473, 41.4447233 ], [ 2.1328784, 41.4448087 ], [ 2.1328932, 41.445317 ], [ 2.1328995, 41.4453924 ], [ 2.1328741, 41.4454306 ], [ 2.1328955, 41.4454415 ], [ 2.1329552, 41.445472 ], [ 2.1331073, 41.4455174 ], [ 2.1334424, 41.445659 ], [ 2.1336589, 41.4458468 ], [ 2.1336631, 41.4458535 ], [ 2.1337422, 41.445979 ], [ 2.1339143, 41.4461814 ], [ 2.1339657, 41.4463071 ], [ 2.1341267, 41.4465445 ], [ 2.1341364, 41.4465516 ], [ 2.1341773, 41.4465816 ], [ 2.1341818, 41.4465903 ], [ 2.1342337, 41.4466896 ], [ 2.1343416, 41.4468183 ], [ 2.1344082, 41.4469533 ], [ 2.1346298, 41.447218 ], [ 2.13465, 41.4473084 ], [ 2.1346417, 41.4473894 ], [ 2.1346439, 41.4474566 ], [ 2.1346591, 41.4475187 ], [ 2.1347019, 41.44759 ], [ 2.1347033, 41.4475896 ], [ 2.1347087, 41.4475888 ], [ 2.1355573, 41.4474685 ], [ 2.1356468, 41.4474456 ], [ 2.1359432, 41.4473628 ], [ 2.1361666, 41.4473824 ], [ 2.1362641, 41.4474293 ], [ 2.1365886, 41.4476527 ], [ 2.1366055, 41.4476704 ], [ 2.1366894, 41.4477582 ], [ 2.1368127, 41.4477316 ], [ 2.1368856, 41.4477147 ], [ 2.1372719, 41.4476546 ], [ 2.137331, 41.4477038 ], [ 2.1375334, 41.4478576 ], [ 2.1375867, 41.4478972 ], [ 2.1375876, 41.4478979 ], [ 2.1375903, 41.4478999 ], [ 2.1376985, 41.4478881 ], [ 2.1378693, 41.4478601 ], [ 2.1380524, 41.4478404 ], [ 2.1396991, 41.4476337 ], [ 2.1404895, 41.4476109 ], [ 2.1405337, 41.4476067 ], [ 2.1406856, 41.4475926 ], [ 2.1407365, 41.4475849 ], [ 2.140792, 41.4475726 ], [ 2.1408461, 41.4475591 ], [ 2.1409027, 41.4475417 ], [ 2.1409338, 41.4475242 ], [ 2.1410124, 41.4474775 ], [ 2.1410918, 41.447426 ], [ 2.1411741, 41.4473715 ], [ 2.1412012, 41.4473469 ], [ 2.1412583, 41.4472861 ], [ 2.1413102, 41.4472231 ], [ 2.1413506, 41.4471966 ], [ 2.1413958, 41.4471495 ], [ 2.1415296, 41.4470847 ], [ 2.1416615, 41.4470926 ], [ 2.1418438, 41.4471241 ], [ 2.1419684, 41.4471435 ], [ 2.1423115, 41.4472606 ], [ 2.1424966, 41.4473495 ], [ 2.1426601, 41.4474253 ], [ 2.1430615, 41.4474635 ], [ 2.1432302, 41.4474973 ], [ 2.1436546, 41.4476313 ], [ 2.1438746, 41.4475282 ], [ 2.1441507, 41.447435 ], [ 2.1443881, 41.4473856 ], [ 2.1446411, 41.4473912 ], [ 2.1448675, 41.4474262 ], [ 2.1450368, 41.4474375 ], [ 2.1452029, 41.4474129 ], [ 2.1453413, 41.4473491 ], [ 2.1453963, 41.447379 ], [ 2.1454779, 41.4473943 ], [ 2.1456257, 41.4474721 ], [ 2.1457278, 41.4475128 ], [ 2.1457813, 41.4475293 ], [ 2.1459193, 41.4475507 ], [ 2.1460832, 41.4475684 ], [ 2.1466139, 41.4475648 ], [ 2.1467627, 41.4475478 ], [ 2.1469653, 41.4475073 ], [ 2.1474001, 41.4471681 ], [ 2.147508, 41.4471113 ], [ 2.1476333, 41.4470782 ], [ 2.147782, 41.4470029 ], [ 2.1480538, 41.4469161 ], [ 2.1481136, 41.4469324 ], [ 2.1481739, 41.4469419 ], [ 2.1486578, 41.4467874 ], [ 2.1487671, 41.4468179 ], [ 2.1490931, 41.4470617 ], [ 2.1492861, 41.447179 ], [ 2.1494513, 41.4472554 ], [ 2.1496124, 41.4472965 ], [ 2.1496294, 41.4473009 ], [ 2.1496355, 41.4473024 ], [ 2.1496397, 41.4473034 ], [ 2.149762, 41.4473113 ], [ 2.1497864, 41.4473127 ], [ 2.1505548, 41.4472892 ], [ 2.1514714, 41.447353 ], [ 2.1515945, 41.4473322 ], [ 2.1516858, 41.4473009 ], [ 2.1519282, 41.4472665 ], [ 2.152102, 41.4472919 ], [ 2.1523413, 41.4473707 ], [ 2.1526144, 41.4475178 ], [ 2.152712, 41.447603 ], [ 2.1527988, 41.4476638 ], [ 2.1528037, 41.447672 ], [ 2.1531328, 41.4482195 ], [ 2.153181, 41.4483238 ], [ 2.1533152, 41.4485152 ], [ 2.1533405, 41.448674 ], [ 2.1533419, 41.4486887 ], [ 2.1533581, 41.4487501 ], [ 2.1533907, 41.4488076 ], [ 2.153393, 41.448811 ], [ 2.1534291, 41.448863 ], [ 2.1534646, 41.4489126 ], [ 2.1535252, 41.4489762 ], [ 2.1535919, 41.4490365 ], [ 2.1536548, 41.4490839 ], [ 2.1537227, 41.4491281 ], [ 2.1537324, 41.4491344 ], [ 2.1538016, 41.4491748 ], [ 2.153942, 41.4492389 ], [ 2.1540833, 41.4493019 ], [ 2.1542448, 41.4493509 ], [ 2.1543617, 41.4493698 ], [ 2.1544454, 41.4493865 ], [ 2.1545246, 41.4493919 ], [ 2.154585, 41.4494125 ], [ 2.1549091, 41.449494 ], [ 2.1549813, 41.4495132 ], [ 2.1553511, 41.4497188 ], [ 2.1555191, 41.4497833 ], [ 2.1556662, 41.4498369 ], [ 2.1557534, 41.4498725 ], [ 2.1558333, 41.4498995 ], [ 2.1558968, 41.4499166 ], [ 2.1559669, 41.4499213 ], [ 2.1560851, 41.4499333 ], [ 2.1564224, 41.4499268 ], [ 2.1566069, 41.4498887 ], [ 2.1569039, 41.4497718 ], [ 2.1571814, 41.4496628 ], [ 2.1573011, 41.4496034 ], [ 2.1575198, 41.4496286 ], [ 2.1577266, 41.4497041 ], [ 2.1581834, 41.4499485 ], [ 2.1591011, 41.4504182 ], [ 2.1591067, 41.45043 ], [ 2.1591213, 41.4504606 ], [ 2.159148, 41.4505166 ], [ 2.1591565, 41.4505166 ], [ 2.1596337, 41.4505147 ], [ 2.15997, 41.4504668 ], [ 2.1599823, 41.4504652 ], [ 2.1602225, 41.4503981 ], [ 2.1604006, 41.4503801 ], [ 2.1609576, 41.4503227 ], [ 2.1621094, 41.4502047 ], [ 2.1637028, 41.4497805 ], [ 2.1638093, 41.4497813 ], [ 2.164103, 41.4498244 ], [ 2.1642436, 41.4498994 ], [ 2.1642583, 41.449916 ], [ 2.1642593, 41.4499172 ], [ 2.1642724, 41.4499319 ], [ 2.1656526, 41.4514768 ], [ 2.1650541, 41.4526335 ], [ 2.1649836, 41.4545626 ], [ 2.1648515, 41.4547544 ], [ 2.164432, 41.4551547 ], [ 2.1641385, 41.4554815 ], [ 2.1638045, 41.4558905 ], [ 2.1639995, 41.4561984 ], [ 2.1641946, 41.4564692 ], [ 2.164582, 41.4570749 ], [ 2.1647759, 41.4575229 ], [ 2.1650021, 41.4580649 ], [ 2.1650143, 41.4580716 ], [ 2.166234, 41.4587297 ], [ 2.1668525, 41.4590792 ], [ 2.1668614, 41.4590924 ], [ 2.1669576, 41.4592343 ], [ 2.1671919, 41.4595802 ], [ 2.1671976, 41.4595814 ], [ 2.1673492, 41.459613 ], [ 2.1678951, 41.4598462 ], [ 2.1678957, 41.4598465 ], [ 2.1678581, 41.4598409 ], [ 2.1677744, 41.4598284 ], [ 2.1677021, 41.4598178 ], [ 2.1673285, 41.4611791 ], [ 2.1673263, 41.4611856 ], [ 2.1678505, 41.4612647 ], [ 2.1680124, 41.4607106 ], [ 2.1680833, 41.4604111 ], [ 2.168126, 41.4602544 ], [ 2.1687004, 41.4603454 ], [ 2.1688934, 41.4604378 ], [ 2.1689469, 41.4604632 ], [ 2.1692809, 41.4605736 ], [ 2.1693177, 41.4605879 ], [ 2.1694366, 41.4606145 ], [ 2.1695052, 41.4606229 ], [ 2.1695085, 41.4606233 ], [ 2.1695304, 41.4606263 ], [ 2.1695786, 41.4606325 ], [ 2.1696976, 41.4606483 ], [ 2.1697137, 41.4606494 ], [ 2.1698166, 41.4606532 ], [ 2.1698454, 41.4606606 ], [ 2.1699358, 41.4606812 ], [ 2.1701197, 41.4607377 ], [ 2.1701502, 41.4607588 ], [ 2.1702818, 41.4607779 ], [ 2.1704578, 41.4608933 ], [ 2.1705162, 41.4609306 ], [ 2.1705579, 41.4609472 ], [ 2.1705983, 41.4609554 ], [ 2.1706338, 41.4609576 ], [ 2.170672, 41.4609572 ], [ 2.1707783, 41.460993 ], [ 2.1708787, 41.4610232 ], [ 2.1709216, 41.4610301 ], [ 2.1709824, 41.4610292 ], [ 2.1709863, 41.4610293 ], [ 2.1710427, 41.4610281 ], [ 2.171095, 41.4610214 ], [ 2.1711755, 41.4610144 ], [ 2.1712477, 41.4610629 ], [ 2.171295, 41.4610736 ], [ 2.1713584, 41.4610582 ], [ 2.1715441, 41.4609815 ], [ 2.1716355, 41.4609922 ], [ 2.1716495, 41.4610095 ], [ 2.1718125, 41.4612114 ], [ 2.1718286, 41.4612281 ], [ 2.1718294, 41.4612291 ], [ 2.1718621, 41.4612627 ], [ 2.171912, 41.461291 ], [ 2.1719155, 41.4613011 ], [ 2.1719672, 41.4614517 ], [ 2.1719798, 41.4614756 ], [ 2.1719949, 41.461501 ], [ 2.1720118, 41.4615163 ], [ 2.1720174, 41.4615177 ], [ 2.1720324, 41.4615219 ], [ 2.1720412, 41.4615239 ], [ 2.1722246, 41.4616144 ], [ 2.1722513, 41.4616341 ], [ 2.172287, 41.4616598 ], [ 2.1723262, 41.4616836 ], [ 2.1723568, 41.4617013 ], [ 2.172358, 41.4617021 ], [ 2.1723806, 41.4617136 ], [ 2.1724103, 41.4617283 ], [ 2.1724449, 41.4617415 ], [ 2.1727278, 41.4619238 ], [ 2.1727617, 41.4619458 ], [ 2.1729646, 41.4620755 ], [ 2.173002, 41.4621003 ], [ 2.1730311, 41.4621182 ], [ 2.1730542, 41.4621309 ], [ 2.1733829, 41.4622607 ], [ 2.1734317, 41.462277 ], [ 2.1734344, 41.4622779 ], [ 2.1734781, 41.4622929 ], [ 2.1735273, 41.4623043 ], [ 2.1744502, 41.4632016 ], [ 2.1747191, 41.4633473 ], [ 2.1749988, 41.4634813 ], [ 2.175005, 41.4634854 ], [ 2.1753622, 41.4636085 ], [ 2.1756899, 41.4636967 ], [ 2.175694, 41.4636974 ], [ 2.1760639, 41.4637969 ], [ 2.1763326, 41.463868 ], [ 2.1773293, 41.4641622 ], [ 2.1784379, 41.4643927 ], [ 2.1784792, 41.4644012 ], [ 2.1785505, 41.4644159 ], [ 2.1787126, 41.4644313 ], [ 2.1787658, 41.4644546 ], [ 2.1787956, 41.4644642 ], [ 2.1788383, 41.4644768 ], [ 2.1788538, 41.4644819 ], [ 2.1803698, 41.4647816 ], [ 2.1803704, 41.4647823 ], [ 2.1804022, 41.4648115 ], [ 2.1804022, 41.4648136 ], [ 2.1804013, 41.4648812 ], [ 2.1798689, 41.4656547 ], [ 2.1799072, 41.4657092 ], [ 2.1799711, 41.4657887 ], [ 2.1800138, 41.4658313 ], [ 2.1800612, 41.4658719 ], [ 2.1800883, 41.4658919 ], [ 2.1801678, 41.4659387 ], [ 2.1801688, 41.4659463 ], [ 2.1801772, 41.4660131 ], [ 2.1801918, 41.466013 ], [ 2.1802228, 41.4660126 ], [ 2.180233, 41.4660857 ], [ 2.1802506, 41.4661439 ], [ 2.1802645, 41.4661462 ], [ 2.180285, 41.4661524 ], [ 2.1802846, 41.4661621 ], [ 2.1803422, 41.466369 ], [ 2.1803502, 41.4663757 ], [ 2.1804449, 41.4664844 ], [ 2.1804666, 41.466622 ], [ 2.1803397, 41.4666011 ], [ 2.1803367, 41.4666007 ], [ 2.180229, 41.466467 ], [ 2.1801483, 41.4663672 ], [ 2.1800644, 41.4662646 ], [ 2.1800576, 41.4662564 ], [ 2.1800453, 41.4662412 ], [ 2.1795842, 41.4659914 ], [ 2.1795772, 41.4659872 ], [ 2.1795433, 41.465978 ], [ 2.1794927, 41.4659743 ], [ 2.1794435, 41.4659797 ], [ 2.1794154, 41.4659902 ], [ 2.1793111, 41.4660981 ], [ 2.1790594, 41.4663927 ], [ 2.1790232, 41.4664338 ], [ 2.1790144, 41.4664464 ], [ 2.1789914, 41.4664963 ], [ 2.1789078, 41.466722 ], [ 2.1788803, 41.4672936 ], [ 2.1788708, 41.4673363 ], [ 2.1788518, 41.4674441 ], [ 2.1788501, 41.4676128 ], [ 2.1788488, 41.4676699 ], [ 2.1788586, 41.4677298 ], [ 2.1788832, 41.467853 ], [ 2.1788987, 41.4678893 ], [ 2.1789102, 41.4678841 ], [ 2.178936, 41.467873 ], [ 2.1791001, 41.4678007 ], [ 2.1791366, 41.4677848 ], [ 2.1796735, 41.4675487 ], [ 2.1816217, 41.46783 ], [ 2.1819718, 41.4679375 ], [ 2.1825201, 41.4680213 ], [ 2.182846, 41.4681041 ], [ 2.1832929, 41.4681922 ], [ 2.1835747, 41.4682444 ], [ 2.1837617, 41.4682734 ], [ 2.1838912, 41.4682865 ], [ 2.1840875, 41.4682869 ], [ 2.184244, 41.4682544 ], [ 2.1843579, 41.4682424 ], [ 2.184406, 41.4682322 ], [ 2.1844809, 41.4681978 ], [ 2.1845624, 41.4681573 ], [ 2.1847819, 41.4680117 ], [ 2.1850717, 41.4678653 ], [ 2.1854611, 41.467698 ], [ 2.1861366, 41.4676971 ], [ 2.1862712, 41.4676883 ], [ 2.186269, 41.4677072 ], [ 2.1862558, 41.467818 ], [ 2.1862753, 41.4678147 ], [ 2.1863572, 41.467801 ], [ 2.1866546, 41.4678232 ], [ 2.1870139, 41.4678448 ], [ 2.1871451, 41.4663717 ], [ 2.1871316, 41.4660134 ], [ 2.1872222, 41.4649295 ], [ 2.1873045, 41.463946 ], [ 2.1873586, 41.4632934 ], [ 2.1874539, 41.4621339 ], [ 2.1874545, 41.4621265 ], [ 2.1876546, 41.4620675 ], [ 2.1877301, 41.4615642 ], [ 2.1878466, 41.4611626 ], [ 2.18811, 41.4604864 ], [ 2.1883216, 41.4600602 ], [ 2.1887167, 41.4594384 ], [ 2.189135, 41.4588932 ], [ 2.1896571, 41.458336 ], [ 2.1900369, 41.4579796 ], [ 2.1900424, 41.4579743 ], [ 2.1899796, 41.4579396 ], [ 2.1899578, 41.4579275 ], [ 2.1901595, 41.4577043 ], [ 2.1906598, 41.4572907 ], [ 2.1906458, 41.4572608 ], [ 2.1908206, 41.4571243 ], [ 2.1908673, 41.4571447 ], [ 2.1922605, 41.4560937 ], [ 2.1932706, 41.4553603 ], [ 2.1946504, 41.4543752 ], [ 2.1946234, 41.4543459 ], [ 2.1953344, 41.4538531 ], [ 2.1957088, 41.4535793 ], [ 2.1964696, 41.453025 ], [ 2.1967579, 41.4528579 ], [ 2.1974756, 41.4523662 ], [ 2.1980617, 41.4519016 ], [ 2.1989178, 41.4512108 ], [ 2.1994709, 41.4507648 ], [ 2.2003391, 41.4499104 ], [ 2.2012044, 41.4490585 ], [ 2.2013021, 41.4489423 ], [ 2.2019933, 41.4481752 ], [ 2.2021529, 41.4481946 ], [ 2.2029285, 41.4474044 ], [ 2.2038354, 41.4464517 ], [ 2.2049131, 41.4453011 ], [ 2.2055466, 41.444636 ], [ 2.2057088, 41.4444581 ], [ 2.2059368, 41.4442081 ], [ 2.2062404, 41.4438752 ], [ 2.2066105, 41.4434074 ], [ 2.2067947, 41.4431744 ], [ 2.207455, 41.4421589 ], [ 2.2077271, 41.4416487 ], [ 2.2080545, 41.4409449 ], [ 2.2083115, 41.4402664 ], [ 2.2083983, 41.4399791 ], [ 2.2086226, 41.439184 ], [ 2.2089068, 41.4381746 ], [ 2.2091212, 41.4374164 ], [ 2.2093423, 41.436628 ], [ 2.2093466, 41.4366126 ], [ 2.2092413, 41.4366014 ], [ 2.2092186, 41.436599 ], [ 2.2097178, 41.4352939 ], [ 2.2096979, 41.4351964 ], [ 2.2099144, 41.4347962 ], [ 2.2103698, 41.4339346 ], [ 2.2105939, 41.4334889 ], [ 2.2106007, 41.4334754 ], [ 2.2099193, 41.433298 ], [ 2.2093658, 41.4332209 ], [ 2.208826, 41.4331807 ], [ 2.2084036, 41.4331743 ], [ 2.2080346, 41.4331256 ], [ 2.2078367, 41.4330668 ], [ 2.2072724, 41.4328877 ], [ 2.2072574, 41.4328944 ], [ 2.2070857, 41.432838 ], [ 2.2070306, 41.4328585 ], [ 2.2062313, 41.4325958 ], [ 2.206213, 41.4325897 ], [ 2.2062146, 41.4322638 ], [ 2.206241, 41.4321723 ], [ 2.2062865, 41.4318295 ], [ 2.2064709, 41.4310858 ], [ 2.206477, 41.4310838 ], [ 2.2066603, 41.4305796 ], [ 2.2067179, 41.4305721 ], [ 2.2067061, 41.4303154 ], [ 2.20673, 41.4302244 ], [ 2.2067358, 41.4300791 ], [ 2.2067358, 41.4300774 ], [ 2.2067358, 41.4300713 ], [ 2.2067361, 41.4300665 ], [ 2.2076061, 41.4296411 ], [ 2.2076321, 41.4295522 ], [ 2.2072336, 41.4290922 ], [ 2.2072338, 41.4290871 ], [ 2.2073364, 41.4279908 ], [ 2.2073219, 41.4278612 ], [ 2.2072257, 41.427692 ], [ 2.2072098, 41.4275923 ], [ 2.2072042, 41.4275811 ], [ 2.2071938, 41.4275605 ], [ 2.2071506, 41.4274745 ], [ 2.2070573, 41.4271242 ], [ 2.2070261, 41.4270545 ], [ 2.2068307, 41.4268147 ], [ 2.2064532, 41.4263913 ], [ 2.2063345, 41.4260619 ], [ 2.2062868, 41.4259735 ], [ 2.2062863, 41.4259725 ], [ 2.2061685, 41.4258524 ], [ 2.2061519, 41.4258355 ], [ 2.2060509, 41.4255667 ], [ 2.2061535, 41.4255056 ], [ 2.2062387, 41.4255003 ], [ 2.2064611, 41.4254448 ], [ 2.2068818, 41.4253115 ], [ 2.2069314, 41.4252928 ], [ 2.2072535, 41.4251353 ], [ 2.2074466, 41.4250081 ], [ 2.2077715, 41.4249863 ], [ 2.2080994, 41.4250514 ], [ 2.2084347, 41.4251757 ], [ 2.2084911, 41.4251489 ], [ 2.2089978, 41.42502 ], [ 2.2091212, 41.4249256 ], [ 2.2091469, 41.4249442 ], [ 2.2091507, 41.4249466 ], [ 2.2091553, 41.424946 ], [ 2.2091614, 41.4249431 ], [ 2.209164, 41.4249388 ], [ 2.2092107, 41.4247856 ], [ 2.2093495, 41.4244603 ], [ 2.2094119, 41.4242497 ], [ 2.2095949, 41.4241124 ], [ 2.2096207, 41.4241277 ], [ 2.2097005, 41.4240686 ], [ 2.2098047, 41.4240147 ], [ 2.2099029, 41.4239823 ], [ 2.2102543, 41.4238247 ], [ 2.2102884, 41.4238086 ], [ 2.2103358, 41.4237848 ], [ 2.2103364, 41.4237845 ], [ 2.2103944, 41.4237547 ], [ 2.2104984, 41.4236886 ], [ 2.210538, 41.4236614 ], [ 2.2105729, 41.4236371 ], [ 2.2106186, 41.4236028 ], [ 2.2107149, 41.4235295 ], [ 2.2108935, 41.4233566 ], [ 2.2109677, 41.4232662 ], [ 2.2110274, 41.4231741 ], [ 2.2110947, 41.422963 ], [ 2.2111318, 41.4228027 ], [ 2.2112841, 41.4223367 ], [ 2.2116179, 41.4213786 ], [ 2.2123398, 41.4208332 ], [ 2.2126306, 41.4207992 ], [ 2.2128931, 41.4207201 ], [ 2.2139123, 41.4201873 ], [ 2.2143855, 41.4198918 ], [ 2.2150334, 41.4194099 ], [ 2.2152572, 41.4192337 ], [ 2.2159088, 41.4187425 ], [ 2.2160971, 41.4186003 ], [ 2.2164333, 41.4183751 ], [ 2.2164856, 41.418336 ], [ 2.2165323, 41.4182995 ], [ 2.2165793, 41.41826 ], [ 2.2165801, 41.4182594 ], [ 2.2166238, 41.4182213 ], [ 2.2166654, 41.4181806 ], [ 2.2167046, 41.4181411 ], [ 2.2167418, 41.4181026 ], [ 2.2167799, 41.4180619 ], [ 2.2168167, 41.4180207 ], [ 2.2168512, 41.4179785 ], [ 2.2168857, 41.417936 ], [ 2.2171528, 41.4175877 ], [ 2.2174039, 41.4173021 ], [ 2.2177235, 41.4169694 ], [ 2.2179887, 41.4166279 ], [ 2.2181699, 41.4164906 ], [ 2.2182372, 41.4164462 ], [ 2.2183527, 41.4163353 ], [ 2.2185543, 41.416185 ], [ 2.2188106, 41.4160325 ], [ 2.2190752, 41.4158749 ], [ 2.2194736, 41.4155414 ], [ 2.2197665, 41.4152456 ], [ 2.2198987, 41.4150759 ], [ 2.2201445, 41.414689 ], [ 2.220321, 41.4144542 ], [ 2.2205357, 41.4142415 ], [ 2.2208182, 41.4140111 ], [ 2.2211092, 41.4138715 ], [ 2.2212828, 41.4137424 ], [ 2.2213725, 41.4136336 ], [ 2.2213955, 41.4135263 ], [ 2.2210546, 41.4131528 ], [ 2.2210235, 41.4130912 ], [ 2.2210353, 41.4130717 ], [ 2.2210971, 41.4130275 ], [ 2.2224505, 41.4124588 ], [ 2.2227963, 41.4123135 ], [ 2.2234571, 41.4118515 ], [ 2.2261407, 41.409975 ], [ 2.227058, 41.4096808 ], [ 2.2273128, 41.4104767 ], [ 2.2276084, 41.41036 ], [ 2.2279474, 41.4108867 ], [ 2.2283856, 41.4107275 ], [ 2.2280772, 41.4102546 ], [ 2.2284687, 41.4101096 ], [ 2.2286604, 41.4104095 ], [ 2.2289034, 41.4103195 ], [ 2.228968, 41.4103979 ], [ 2.2288334, 41.410448 ], [ 2.2296539, 41.4117373 ], [ 2.2273251, 41.4134921 ], [ 2.22607, 41.4136706 ], [ 2.2255642, 41.4128872 ], [ 2.225034, 41.4132196 ], [ 2.2257545, 41.4137384 ], [ 2.2268395, 41.4146322 ], [ 2.2274875, 41.4154579 ], [ 2.229148, 41.4132935 ], [ 2.2285583, 41.4130437 ], [ 2.2286564, 41.4129157 ], [ 2.2298674, 41.4134394 ], [ 2.2304993, 41.4125772 ], [ 2.2307074, 41.4126664 ], [ 2.2300559, 41.4135191 ], [ 2.2326583, 41.4146448 ], [ 2.2328708, 41.4145694 ], [ 2.2292646, 41.4089978 ], [ 2.2294828, 41.4089231 ], [ 2.2335161, 41.4151601 ], [ 2.2332892, 41.4152493 ], [ 2.2331574, 41.4150613 ], [ 2.2322592, 41.4148602 ], [ 2.2315446, 41.4156144 ], [ 2.2321047, 41.4172806 ], [ 2.23284, 41.4185093 ], [ 2.2335569, 41.4181014 ], [ 2.233674, 41.4183299 ], [ 2.2324386, 41.4190479 ], [ 2.2326388, 41.4192748 ], [ 2.2329781, 41.4197616 ], [ 2.2331061, 41.4199774 ], [ 2.2332078, 41.4200796 ], [ 2.2333344, 41.4201764 ], [ 2.2335212, 41.4202741 ], [ 2.2337339, 41.4201522 ], [ 2.2337856, 41.4201358 ], [ 2.2338185, 41.4201458 ], [ 2.2338578, 41.4201791 ], [ 2.2339045, 41.4202388 ], [ 2.2339214, 41.4202811 ], [ 2.2339156, 41.4203066 ], [ 2.2338803, 41.4203355 ], [ 2.233722, 41.4204381 ], [ 2.2336558, 41.4204909 ], [ 2.2336577, 41.4205547 ], [ 2.2336631, 41.4205829 ], [ 2.2336825, 41.4206402 ], [ 2.2337356, 41.4207606 ], [ 2.2338433, 41.4209609 ], [ 2.233996, 41.4213142 ], [ 2.2340995, 41.4215123 ], [ 2.2342348, 41.4218086 ], [ 2.2343989, 41.4221361 ], [ 2.2345343, 41.4223639 ], [ 2.2346091, 41.422476 ], [ 2.2346989, 41.422552 ], [ 2.2347485, 41.4225908 ], [ 2.2348879, 41.422671 ], [ 2.2349381, 41.4226736 ], [ 2.2350078, 41.4226411 ], [ 2.2350471, 41.4226162 ], [ 2.235109, 41.4226424 ], [ 2.2350742, 41.4226914 ], [ 2.2350356, 41.4227333 ], [ 2.2350006, 41.4228508 ], [ 2.2350121, 41.4228951 ], [ 2.2351087, 41.422995 ], [ 2.2352459, 41.4231229 ], [ 2.2353765, 41.4232745 ], [ 2.235511, 41.4234667 ], [ 2.2356725, 41.4236579 ], [ 2.2356996, 41.4236778 ], [ 2.2357888, 41.4237045 ], [ 2.2358099, 41.4237257 ], [ 2.2357779, 41.4237632 ], [ 2.2358599, 41.4238968 ], [ 2.236042, 41.4241597 ], [ 2.2361223, 41.424225 ], [ 2.2362402, 41.4242939 ], [ 2.2363289, 41.4244011 ], [ 2.2364043, 41.4244781 ], [ 2.2364747, 41.4245105 ], [ 2.23654, 41.4244864 ], [ 2.2365772, 41.4244535 ], [ 2.2366189, 41.4244392 ], [ 2.2366662, 41.4244573 ], [ 2.2367154, 41.42451 ], [ 2.2368733, 41.4246833 ], [ 2.2369464, 41.4247194 ], [ 2.2369323, 41.4248515 ], [ 2.2368811, 41.4249306 ], [ 2.236878, 41.4250313 ], [ 2.2370396, 41.4252376 ], [ 2.2371131, 41.425408 ], [ 2.2372093, 41.4255196 ], [ 2.2372262, 41.425594 ], [ 2.2372284, 41.4256918 ], [ 2.2372274, 41.425758 ], [ 2.2372485, 41.425868 ], [ 2.237272, 41.425934 ], [ 2.2373116, 41.4259882 ], [ 2.237349, 41.4260335 ], [ 2.2373707, 41.4260612 ], [ 2.2374013, 41.4261087 ], [ 2.2374239, 41.4261723 ], [ 2.2380133, 41.427332 ], [ 2.2381604, 41.4275148 ], [ 2.2383018, 41.4275746 ], [ 2.2383971, 41.4276286 ], [ 2.2384141, 41.4276902 ], [ 2.2384045, 41.4277332 ], [ 2.2383525, 41.427774 ], [ 2.2382938, 41.4278445 ], [ 2.2382812, 41.4278947 ], [ 2.2383137, 41.4280242 ], [ 2.2384614, 41.4283211 ], [ 2.2385474, 41.4285061 ], [ 2.2386418, 41.428689 ], [ 2.2388371, 41.4290404 ], [ 2.2397146, 41.4303701 ], [ 2.239978, 41.4306657 ], [ 2.2402471, 41.4307424 ], [ 2.2407903, 41.4305102 ], [ 2.2408889, 41.4304812 ], [ 2.2410558, 41.430581 ], [ 2.2411239, 41.4306675 ], [ 2.2411819, 41.4307681 ], [ 2.2411158, 41.430894 ], [ 2.2407261, 41.4310984 ], [ 2.2405637, 41.4313273 ], [ 2.2406145, 41.4315362 ], [ 2.2408358, 41.4317542 ], [ 2.2412192, 41.4320749 ], [ 2.2415466, 41.4322459 ], [ 2.2419946, 41.4321555 ], [ 2.2423867, 41.4332564 ], [ 2.2420914, 41.4333155 ], [ 2.2418194, 41.432551 ], [ 2.2405013, 41.4328167 ], [ 2.2407738, 41.433582 ], [ 2.2398144, 41.4337747 ], [ 2.2399343, 41.4341344 ], [ 2.2425155, 41.4336151 ], [ 2.2427154, 41.4341814 ], [ 2.240358, 41.4346564 ], [ 2.2408381, 41.4360072 ], [ 2.241644, 41.436975 ], [ 2.2443408, 41.4364314 ], [ 2.2428174, 41.4321507 ], [ 2.2427394, 41.4321661 ], [ 2.242687, 41.4320192 ], [ 2.242975, 41.4319709 ], [ 2.2448444, 41.4371889 ], [ 2.2448915, 41.4372744 ], [ 2.2449651, 41.4373371 ], [ 2.245072, 41.4373797 ], [ 2.2451892, 41.4374209 ], [ 2.2453423, 41.4374032 ], [ 2.2455488, 41.4373999 ], [ 2.2456831, 41.4374241 ], [ 2.2457077, 41.4374932 ], [ 2.2456153, 41.4375767 ], [ 2.24535, 41.437663 ], [ 2.2451005, 41.4376957 ], [ 2.2449931, 41.4377563 ], [ 2.2449361, 41.4378515 ], [ 2.2449351, 41.437986 ], [ 2.2451056, 41.4384695 ], [ 2.2455176, 41.4391005 ], [ 2.2456275, 41.4391604 ], [ 2.2457069, 41.4393237 ], [ 2.2456974, 41.4394097 ], [ 2.2463046, 41.440309 ], [ 2.2463432, 41.440357 ], [ 2.2464193, 41.4404404 ], [ 2.2464772, 41.4405126 ], [ 2.2465556, 41.4405996 ], [ 2.2466364, 41.4407023 ], [ 2.2466992, 41.4407726 ], [ 2.2467612, 41.4408422 ], [ 2.246831, 41.440907 ], [ 2.2468901, 41.4409619 ], [ 2.2469497, 41.4410172 ], [ 2.2469798, 41.4410534 ], [ 2.2470104, 41.4410988 ], [ 2.2470289, 41.4410904 ], [ 2.2489097, 41.440185 ], [ 2.2488833, 41.4401539 ], [ 2.2489667, 41.4401138 ], [ 2.2490327, 41.4401915 ], [ 2.2489507, 41.440231 ], [ 2.2489302, 41.4402067 ], [ 2.2470468, 41.4411129 ], [ 2.247057, 41.4411409 ], [ 2.2471055, 41.4412265 ], [ 2.2471104, 41.4413231 ], [ 2.2471547, 41.4414041 ], [ 2.2472424, 41.4414843 ], [ 2.247437, 41.4417517 ], [ 2.2477623, 41.4422207 ], [ 2.2480576, 41.4426165 ], [ 2.2482857, 41.4429015 ], [ 2.2487129, 41.4434251 ], [ 2.2491953, 41.4439869 ], [ 2.2498053, 41.4446659 ], [ 2.2501304, 41.4450765 ], [ 2.2504812, 41.445484 ], [ 2.2509177, 41.445957 ], [ 2.2516491, 41.4467677 ], [ 2.2522944, 41.4474731 ], [ 2.253058, 41.4482378 ], [ 2.253702, 41.4488561 ], [ 2.2539753, 41.4491549 ], [ 2.2545192, 41.4496734 ], [ 2.2550777, 41.4501719 ], [ 2.2553741, 41.4504321 ], [ 2.2559018, 41.450935 ], [ 2.25644, 41.4514355 ], [ 2.2566147, 41.4516096 ], [ 2.2568202, 41.4517712 ], [ 2.2572294, 41.45211 ], [ 2.2575505, 41.4523832 ], [ 2.258066, 41.4527931 ], [ 2.2584325, 41.4530959 ], [ 2.2610644, 41.4549784 ], [ 2.2632584, 41.4565476 ], [ 2.2641435, 41.4571807 ], [ 2.2655002, 41.4581509 ], [ 2.2665807, 41.458714 ], [ 2.2680617, 41.4595641 ], [ 2.2683815, 41.4597459 ], [ 2.2686228, 41.4598612 ], [ 2.2688638, 41.4600084 ], [ 2.2689831, 41.4600398 ], [ 2.2690211, 41.4600699 ], [ 2.2690891, 41.460138 ], [ 2.2692165, 41.4602117 ], [ 2.2694802, 41.4603261 ], [ 2.2697635, 41.4604728 ], [ 2.2700157, 41.4606344 ], [ 2.2701857, 41.4607233 ], [ 2.2702046, 41.4607312 ], [ 2.2703563, 41.4608414 ], [ 2.2704941, 41.4609189 ], [ 2.2705973, 41.4609733 ], [ 2.2706955, 41.4610303 ], [ 2.2708279, 41.4611023 ], [ 2.2709265, 41.4611611 ], [ 2.2710452, 41.461242 ], [ 2.2710812, 41.4612706 ], [ 2.2711133, 41.4613128 ], [ 2.2711713, 41.4614164 ], [ 2.2712176, 41.4614436 ], [ 2.2713271, 41.4614766 ], [ 2.2715902, 41.4615923 ], [ 2.2716199, 41.4616164 ], [ 2.2716629, 41.4616694 ], [ 2.2717427, 41.4617077 ], [ 2.2718678, 41.4617603 ], [ 2.2719487, 41.4618153 ], [ 2.2720359, 41.4618571 ], [ 2.2721013, 41.4618915 ], [ 2.2722035, 41.4619526 ], [ 2.2724217, 41.4620436 ], [ 2.2724655, 41.4620525 ], [ 2.2725266, 41.4620425 ], [ 2.2725931, 41.4619872 ], [ 2.2726318, 41.4619459 ], [ 2.2726974, 41.461922 ], [ 2.2727502, 41.4619163 ], [ 2.272818, 41.4619397 ], [ 2.2729477, 41.4620436 ], [ 2.2731703, 41.4621394 ], [ 2.2732414, 41.4621961 ], [ 2.2733061, 41.4622253 ], [ 2.2734374, 41.4623058 ], [ 2.2735031, 41.4623356 ], [ 2.2735647, 41.4623842 ], [ 2.2737423, 41.4624885 ], [ 2.2737857, 41.4625232 ], [ 2.2738379, 41.4625487 ], [ 2.2738684, 41.4625722 ], [ 2.2740383, 41.4626485 ], [ 2.2741556, 41.4627163 ], [ 2.2742155, 41.4627459 ], [ 2.2743423, 41.4627981 ], [ 2.2744206, 41.4628456 ], [ 2.2744597, 41.4628726 ], [ 2.2745237, 41.4628892 ], [ 2.2745808, 41.4629213 ], [ 2.2746184, 41.4629349 ], [ 2.2746474, 41.4629543 ], [ 2.2746565, 41.46298 ], [ 2.2747025, 41.4630041 ], [ 2.2749336, 41.4631056 ], [ 2.2749799, 41.4631505 ], [ 2.275172, 41.4632607 ], [ 2.2752367, 41.4632835 ], [ 2.2753007, 41.4633317 ], [ 2.2753597, 41.4633556 ], [ 2.2753936, 41.4633768 ], [ 2.2754395, 41.4634113 ], [ 2.2755139, 41.4634486 ], [ 2.2756002, 41.4634862 ], [ 2.2758275, 41.4635929 ], [ 2.2759428, 41.463652 ], [ 2.2760126, 41.4637078 ], [ 2.2761324, 41.4637465 ], [ 2.2762733, 41.4638043 ], [ 2.2764592, 41.4639346 ], [ 2.2765227, 41.463996 ], [ 2.2771735, 41.4642766 ], [ 2.2773758, 41.4643482 ], [ 2.2775628, 41.4643799 ], [ 2.2776306, 41.4644101 ], [ 2.277773, 41.4644833 ], [ 2.2779899, 41.4645669 ], [ 2.2781281, 41.4645943 ], [ 2.2781821, 41.4645721 ], [ 2.2782291, 41.4645493 ], [ 2.278299, 41.464574 ], [ 2.2783504, 41.464584 ], [ 2.2784076, 41.4646171 ], [ 2.2784823, 41.4645826 ], [ 2.278481, 41.4645716 ], [ 2.2784642, 41.4645564 ], [ 2.2784933, 41.4645461 ], [ 2.278642, 41.4645541 ], [ 2.278758, 41.4646086 ], [ 2.2787996, 41.4646214 ], [ 2.2788461, 41.4646516 ], [ 2.2789862, 41.4646978 ], [ 2.2790354, 41.4646925 ], [ 2.2791346, 41.4647344 ], [ 2.2792288, 41.464741 ], [ 2.27929, 41.4647306 ], [ 2.2793561, 41.4646871 ], [ 2.2794305, 41.4646592 ], [ 2.2797045, 41.4644951 ], [ 2.2797577, 41.4644617 ], [ 2.2798445, 41.4644692 ], [ 2.2799487, 41.4645323 ], [ 2.2799479, 41.4645632 ], [ 2.2797843, 41.4646603 ], [ 2.2798131, 41.4647328 ], [ 2.2798648, 41.464812 ], [ 2.2799798, 41.4649022 ], [ 2.2800813, 41.4649524 ], [ 2.280278, 41.4650248 ], [ 2.2805966, 41.4651793 ], [ 2.2808209, 41.465258 ], [ 2.281037, 41.4653795 ], [ 2.2814042, 41.4655651 ], [ 2.2815457, 41.4656493 ], [ 2.2816647, 41.4657058 ], [ 2.2819542, 41.4658537 ], [ 2.2822479, 41.4660142 ], [ 2.2824114, 41.4660875 ], [ 2.2825341, 41.4661622 ], [ 2.2829672, 41.4663673 ], [ 2.28349, 41.4665974 ], [ 2.283967, 41.466809 ], [ 2.2842661, 41.4669243 ], [ 2.284939, 41.4672254 ], [ 2.2855591, 41.4674816 ], [ 2.2860191, 41.4676732 ], [ 2.2865299, 41.4678675 ], [ 2.2873055, 41.4681564 ], [ 2.287745, 41.4683383 ], [ 2.2881607, 41.4684919 ], [ 2.2884729, 41.4686249 ], [ 2.2894414, 41.468982 ], [ 2.2903022, 41.469306 ], [ 2.290637, 41.4694257 ], [ 2.2909706, 41.4695776 ], [ 2.2916665, 41.4698641 ], [ 2.2921205, 41.4700343 ], [ 2.2925369, 41.4702063 ], [ 2.2929196, 41.4703637 ], [ 2.2930894, 41.4704244 ], [ 2.2934868, 41.4705862 ], [ 2.2936813, 41.4706578 ], [ 2.2938609, 41.4707296 ], [ 2.294189, 41.4708492 ], [ 2.2945639, 41.4710019 ], [ 2.2949234, 41.4711499 ], [ 2.2950668, 41.4712093 ], [ 2.2953358, 41.4713292 ], [ 2.2958966, 41.4715402 ], [ 2.2962087, 41.4716675 ], [ 2.2961145, 41.4725126 ], [ 2.2960902, 41.4727259 ], [ 2.2960773, 41.4727914 ], [ 2.2960586, 41.4728631 ], [ 2.2959977, 41.4731045 ], [ 2.2959359, 41.4733612 ], [ 2.2958909, 41.4735668 ], [ 2.2958775, 41.473592 ], [ 2.2958211, 41.4736295 ], [ 2.2957089, 41.4736746 ], [ 2.2956635, 41.4737016 ], [ 2.2956395, 41.4737392 ], [ 2.2956366, 41.4738243 ], [ 2.2956531, 41.4739282 ], [ 2.2956972, 41.4740714 ], [ 2.2957097, 41.4741424 ], [ 2.2957081, 41.4742269 ], [ 2.2956759, 41.474425 ], [ 2.2955986, 41.474916 ], [ 2.2955828, 41.4750135 ], [ 2.2955546, 41.4751174 ], [ 2.2958642, 41.4751538 ], [ 2.297458, 41.4758788 ], [ 2.2976392, 41.4756777 ], [ 2.2995813, 41.4756046 ], [ 2.3002294, 41.4759107 ], [ 2.3013625, 41.4758512 ], [ 2.3009132, 41.4772608 ], [ 2.3012514, 41.4779724 ], [ 2.3018057, 41.4783989 ], [ 2.3017909, 41.4791016 ], [ 2.30293, 41.4791749 ], [ 2.3034141, 41.4792885 ], [ 2.3042764, 41.4797972 ], [ 2.3041903, 41.4802752 ], [ 2.3066733, 41.4812142 ], [ 2.3074386, 41.4822232 ], [ 2.3065827, 41.4838779 ], [ 2.3055842, 41.483706 ], [ 2.3054299, 41.484391 ], [ 2.3051796, 41.4846388 ], [ 2.3042967, 41.4847882 ], [ 2.3035986, 41.484787 ], [ 2.3033728, 41.4859003 ], [ 2.3029524, 41.4866945 ], [ 2.304521, 41.4872019 ], [ 2.3040618, 41.4874979 ], [ 2.3051769, 41.4877702 ], [ 2.3053374, 41.4878818 ], [ 2.3054827, 41.4880486 ], [ 2.3059542, 41.489234 ], [ 2.3094201, 41.4900213 ], [ 2.3095368, 41.4887541 ], [ 2.3098979, 41.4886251 ], [ 2.3110714, 41.4879596 ], [ 2.3115082, 41.4878885 ], [ 2.3119983, 41.4879324 ], [ 2.3131371, 41.4884723 ], [ 2.3134034, 41.4885009 ], [ 2.3136932, 41.4884674 ], [ 2.3139672, 41.4883295 ], [ 2.3145181, 41.4877669 ], [ 2.3151084, 41.4876148 ], [ 2.3163924, 41.4878357 ], [ 2.3175631, 41.4884656 ], [ 2.3176656, 41.4885564 ], [ 2.3177646, 41.4895084 ], [ 2.3178813, 41.4898207 ], [ 2.3182011, 41.4901764 ], [ 2.3192054, 41.4888207 ], [ 2.3196035, 41.488474 ], [ 2.320052, 41.4883094 ], [ 2.3205575, 41.4873057 ], [ 2.3214968, 41.4877302 ], [ 2.322079, 41.4884847 ], [ 2.3221025, 41.4880553 ], [ 2.3231075, 41.4888719 ], [ 2.3235943, 41.4891176 ], [ 2.3238789, 41.4891192 ], [ 2.3241573, 41.4890425 ], [ 2.3248029, 41.4870204 ], [ 2.3253504, 41.4871124 ], [ 2.3266935, 41.4879224 ], [ 2.3273897, 41.487568 ], [ 2.3280386, 41.4889271 ], [ 2.3284503, 41.4889116 ], [ 2.3292118, 41.4885785 ], [ 2.3301552, 41.4879869 ], [ 2.3306207, 41.4875219 ], [ 2.3316086, 41.4873144 ], [ 2.3324546, 41.4875978 ], [ 2.3324038, 41.4878291 ], [ 2.3335906, 41.4888305 ], [ 2.3343829, 41.4883116 ], [ 2.335148, 41.4874442 ], [ 2.3362247, 41.4841434 ], [ 2.336941, 41.4840856 ], [ 2.3376999, 41.4842256 ], [ 2.3388865, 41.4853763 ], [ 2.3405185, 41.4864423 ], [ 2.3414797, 41.4869617 ], [ 2.3426245, 41.4874032 ], [ 2.3438122, 41.4876743 ], [ 2.3459742, 41.4901556 ], [ 2.34834, 41.4931898 ], [ 2.3490121, 41.4942704 ], [ 2.3504181, 41.4955266 ], [ 2.3515741, 41.496195 ], [ 2.3528724, 41.4967814 ], [ 2.3536913, 41.4968358 ], [ 2.3542577, 41.4970159 ], [ 2.3546604, 41.4973234 ], [ 2.3560633, 41.4978246 ], [ 2.3580359, 41.4974766 ], [ 2.3589669, 41.498148 ], [ 2.3598574, 41.4986612 ], [ 2.3605273, 41.4976367 ], [ 2.3610842, 41.4969425 ], [ 2.3613145, 41.4968175 ], [ 2.3631027, 41.4963146 ], [ 2.3668883, 41.4955173 ], [ 2.3680224, 41.4957434 ], [ 2.3686537, 41.4956961 ], [ 2.3701921, 41.4959487 ], [ 2.3714081, 41.4962496 ], [ 2.3723129, 41.4963771 ], [ 2.3728585, 41.4965958 ], [ 2.3720809, 41.4974545 ], [ 2.371112, 41.4980533 ], [ 2.3669656, 41.5001298 ], [ 2.3659918, 41.5008051 ], [ 2.3665224, 41.5010583 ], [ 2.3675107, 41.5020848 ], [ 2.3685051, 41.5022121 ], [ 2.3692502, 41.5024075 ], [ 2.3701465, 41.5028702 ], [ 2.3707154, 41.5034361 ], [ 2.3712248, 41.5041219 ], [ 2.3720925, 41.5057202 ], [ 2.37368, 41.5078093 ], [ 2.3743194, 41.5082161 ], [ 2.3780926, 41.5098762 ], [ 2.3802245, 41.5112318 ], [ 2.3812547, 41.5119093 ], [ 2.3827125, 41.5127236 ], [ 2.3841005, 41.5133761 ], [ 2.3855615, 41.5138678 ], [ 2.3881287, 41.5145804 ], [ 2.3901622, 41.5150212 ], [ 2.3918765, 41.5151916 ], [ 2.3925914, 41.5151954 ], [ 2.3974186, 41.5107021 ], [ 2.4031254, 41.5060454 ], [ 2.4040624, 41.5066939 ], [ 2.4094444, 41.5097638 ], [ 2.4179715, 41.5163466 ], [ 2.425016, 41.5197389 ] ] ] } }
]
}
